franchise,team,year,coaches_text,coaches_id
ATL,ATL,2018,M. Budenholzer (6-22),budenmi99c
ATL,ATL,2017,M. Budenholzer (43-39),budenmi99c
ATL,ATL,2016,M. Budenholzer (48-34),budenmi99c
ATL,ATL,2015,M. Budenholzer (60-22),budenmi99c
ATL,ATL,2014,M. Budenholzer (38-44),budenmi99c
ATL,ATL,2013,L. Drew (44-38),drewla01c
ATL,ATL,2012,L. Drew (40-26),drewla01c
ATL,ATL,2011,L. Drew (44-38),drewla01c
ATL,ATL,2010,M. Woodson (53-29),woodsmi01c
ATL,ATL,2009,M. Woodson (47-35),woodsmi01c
ATL,ATL,2008,M. Woodson (37-45),woodsmi01c
ATL,ATL,2007,M. Woodson (30-52),woodsmi01c
ATL,ATL,2006,M. Woodson (26-56),woodsmi01c
ATL,ATL,2005,M. Woodson (13-69),woodsmi01c
ATL,ATL,2004,T. Stotts (28-54),stottte99c
ATL,ATL,2003,"L. Kruger (11-16), T. Stotts (24-31)",krugelo99c|stottte99c
ATL,ATL,2002,L. Kruger (33-49),krugelo99c
ATL,ATL,2001,L. Kruger (25-57),krugelo99c
ATL,ATL,2000,L. Wilkens (28-54),wilkele01c
ATL,ATL,1999,L. Wilkens (31-19),wilkele01c
ATL,ATL,1998,L. Wilkens (50-32),wilkele01c
ATL,ATL,1997,L. Wilkens (56-26),wilkele01c
ATL,ATL,1996,L. Wilkens (46-36),wilkele01c
ATL,ATL,1995,L. Wilkens (42-40),wilkele01c
ATL,ATL,1994,L. Wilkens (57-25),wilkele01c
ATL,ATL,1993,B. Weiss (43-39),weissbo01c
ATL,ATL,1992,B. Weiss (38-44),weissbo01c
ATL,ATL,1991,B. Weiss (43-39),weissbo01c
ATL,ATL,1990,M. Fratello (41-41),fratemi99c
ATL,ATL,1989,M. Fratello (52-30),fratemi99c
ATL,ATL,1988,M. Fratello (50-32),fratemi99c
ATL,ATL,1987,M. Fratello (57-25),fratemi99c
ATL,ATL,1986,M. Fratello (50-32),fratemi99c
ATL,ATL,1985,M. Fratello (34-48),fratemi99c
ATL,ATL,1984,M. Fratello (40-42),fratemi99c
ATL,ATL,1983,K. Loughery (43-39),loughke01c
ATL,ATL,1982,K. Loughery (42-40),loughke01c
ATL,ATL,1981,"H. Brown (31-48), M. Fratello (0-3)",brownhu99c|fratemi99c
ATL,ATL,1980,H. Brown (50-32),brownhu99c
ATL,ATL,1979,H. Brown (46-36),brownhu99c
ATL,ATL,1978,H. Brown (41-41),brownhu99c
ATL,ATL,1977,H. Brown (31-51),brownhu99c
ATL,ATL,1976,"C. Fitzsimmons (28-46), G. Tormohlen (1-7)",fitzsco99c|tormobu01c
ATL,ATL,1975,C. Fitzsimmons (31-51),fitzsco99c
ATL,ATL,1974,C. Fitzsimmons (35-47),fitzsco99c
ATL,ATL,1973,C. Fitzsimmons (46-36),fitzsco99c
ATL,ATL,1972,R. Guerin (36-46),gueriri01c
ATL,ATL,1971,R. Guerin (36-46),gueriri01c
ATL,ATL,1970,R. Guerin (48-34),gueriri01c
ATL,ATL,1969,R. Guerin (48-34),gueriri01c
ATL,ATL,1968,R. Guerin (56-26),gueriri01c
ATL,ATL,1967,R. Guerin (39-42),gueriri01c
ATL,ATL,1966,R. Guerin (36-44),gueriri01c
ATL,ATL,1965,"H. Gallatin (17-16), R. Guerin (28-19)",gallaha01c|gueriri01c
ATL,ATL,1964,H. Gallatin (46-34),gallaha01c
ATL,ATL,1963,H. Gallatin (48-32),gallaha01c
ATL,ATL,1962,"P. Seymour (5-9), A. Levane (20-40), B. Pettit (4-2)",seymopa01c|levanan01c|pettibo01c
ATL,ATL,1961,P. Seymour (51-28),seymopa01c
ATL,ATL,1960,E. Macauley (46-29),macaued01c
ATL,ATL,1959,"A. Phillip (6-4), E. Macauley (43-19)",phillan01c|macaued01c
ATL,ATL,1958,A. Hannum (41-31),hannual01c
ATL,ATL,1957,"R. Holzman (14-19), S. Martin (5-3), A. Hannum (15-16)",holzmre01c|martisl01c|hannual01c
ATL,ATL,1956,R. Holzman (33-39),holzmre01c
ATL,ATL,1955,R. Holzman (26-46),holzmre01c
ATL,ATL,1954,"A. Levane (11-35), R. Holzman (10-16)",levanan01c|holzmre01c
ATL,ATL,1953,A. Levane (27-44),levanan01c
ATL,ATL,1952,D. Moore (17-49),mooredo99c
ATL,ATL,1951,"D. McMillan (9-14), J. Logan (2-1), M. Todorovich (14-28)",mcmilda99c|loganjo01c|todormi01c
ATL,ATL,1950,"R. Potter (1-6), R. Auerbach (28-29)",pottero99c|auerbre99c
MIL,MIL,2018,J. Kidd (15-11),kiddja01c
MIL,MIL,2017,J. Kidd (42-40),kiddja01c
MIL,MIL,2016,J. Kidd (33-49),kiddja01c
MIL,MIL,2015,J. Kidd (41-41),kiddja01c
MIL,MIL,2014,L. Drew (15-67),drewla01c
MIL,MIL,2013,"S. Skiles (16-16), J. Boylan (22-28)",skilesc01c|boylaji99c
MIL,MIL,2012,S. Skiles (31-35),skilesc01c
MIL,MIL,2011,S. Skiles (35-47),skilesc01c
MIL,MIL,2010,S. Skiles (46-36),skilesc01c
MIL,MIL,2009,S. Skiles (34-48),skilesc01c
MIL,MIL,2008,L. Krystkowiak (26-56),krystla01c
MIL,MIL,2007,"T. Stotts (23-41), L. Krystkowiak (5-13)",stottte99c|krystla01c
MIL,MIL,2006,T. Stotts (40-42),stottte99c
MIL,MIL,2005,T. Porter (30-52),portete01c
MIL,MIL,2004,T. Porter (41-41),portete01c
MIL,MIL,2003,G. Karl (42-40),karlge01c
MIL,MIL,2002,G. Karl (41-41),karlge01c
MIL,MIL,2001,G. Karl (52-30),karlge01c
MIL,MIL,2000,G. Karl (42-40),karlge01c
MIL,MIL,1999,G. Karl (28-22),karlge01c
MIL,MIL,1998,C. Ford (36-46),fordch01c
MIL,MIL,1997,C. Ford (33-49),fordch01c
MIL,MIL,1996,M. Dunleavy (25-57),dunlemi01c
MIL,MIL,1995,M. Dunleavy (34-48),dunlemi01c
MIL,MIL,1994,M. Dunleavy (20-62),dunlemi01c
MIL,MIL,1993,M. Dunleavy (28-54),dunlemi01c
MIL,MIL,1992,"D. Harris (8-9), F. Hamblen (23-42)",harride99c|hamblfr99c
MIL,MIL,1991,D. Harris (48-34),harride99c
MIL,MIL,1990,D. Harris (44-38),harride99c
MIL,MIL,1989,D. Harris (49-33),harride99c
MIL,MIL,1988,D. Harris (42-40),harride99c
MIL,MIL,1987,D. Nelson (50-32),nelsodo01c
MIL,MIL,1986,D. Nelson (57-25),nelsodo01c
MIL,MIL,1985,D. Nelson (59-23),nelsodo01c
MIL,MIL,1984,D. Nelson (50-32),nelsodo01c
MIL,MIL,1983,D. Nelson (51-31),nelsodo01c
MIL,MIL,1982,D. Nelson (55-27),nelsodo01c
MIL,MIL,1981,D. Nelson (60-22),nelsodo01c
MIL,MIL,1980,D. Nelson (49-33),nelsodo01c
MIL,MIL,1979,D. Nelson (38-44),nelsodo01c
MIL,MIL,1978,D. Nelson (44-38),nelsodo01c
MIL,MIL,1977,"L. Costello (3-15), D. Nelson (27-37)",costela01c|nelsodo01c
MIL,MIL,1976,L. Costello (38-44),costela01c
MIL,MIL,1975,L. Costello (38-44),costela01c
MIL,MIL,1974,L. Costello (59-23),costela01c
MIL,MIL,1973,L. Costello (60-22),costela01c
MIL,MIL,1972,L. Costello (63-19),costela01c
MIL,MIL,1971,L. Costello (66-16),costela01c
MIL,MIL,1970,L. Costello (56-26),costela01c
MIL,MIL,1969,L. Costello (27-55),costela01c
MIN,MIN,2018,T. Thibodeau (17-12),thiboto99c
MIN,MIN,2017,T. Thibodeau (31-51),thiboto99c
MIN,MIN,2016,S. Mitchell (29-53),mitchsa01c
MIN,MIN,2015,F. Saunders (16-66),saundfl99c
MIN,MIN,2014,R. Adelman (40-42),adelmri01c
MIN,MIN,2013,R. Adelman (31-51),adelmri01c
MIN,MIN,2012,R. Adelman (26-40),adelmri01c
MIN,MIN,2011,K. Rambis (17-65),rambiku01c
MIN,MIN,2010,K. Rambis (15-67),rambiku01c
MIN,MIN,2009,"R. Wittman (4-15), K. McHale (20-43)",wittmra01c|mchalke01c
MIN,MIN,2008,R. Wittman (22-60),wittmra01c
MIN,MIN,2007,"D. Casey (20-20), R. Wittman (12-30)",caseydw99c|wittmra01c
MIN,MIN,2006,D. Casey (33-49),caseydw99c
MIN,MIN,2005,"F. Saunders (25-26), K. McHale (19-12)",saundfl99c|mchalke01c
MIN,MIN,2004,F. Saunders (58-24),saundfl99c
MIN,MIN,2003,F. Saunders (51-31),saundfl99c
MIN,MIN,2002,F. Saunders (50-32),saundfl99c
MIN,MIN,2001,F. Saunders (47-35),saundfl99c
MIN,MIN,2000,F. Saunders (50-32),saundfl99c
MIN,MIN,1999,F. Saunders (25-25),saundfl99c
MIN,MIN,1998,F. Saunders (45-37),saundfl99c
MIN,MIN,1997,F. Saunders (40-42),saundfl99c
MIN,MIN,1996,"B. Blair (6-14), F. Saunders (20-42)",blairbi99c|saundfl99c
MIN,MIN,1995,B. Blair (21-61),blairbi99c
MIN,MIN,1994,S. Lowe (20-62),lowesi01c
MIN,MIN,1993,"J. Rodgers (6-23), S. Lowe (13-40)",rodgeji99c|lowesi01c
MIN,MIN,1992,J. Rodgers (15-67),rodgeji99c
MIN,MIN,1991,B. Musselman (29-53),mussebi99c
MIN,MIN,1990,B. Musselman (22-60),mussebi99c
NORLHP,NOP,2018,A. Gentry (15-14),gentral99c
NORLHP,NOP,2017,A. Gentry (34-48),gentral99c
NORLHP,NOP,2016,A. Gentry (30-52),gentral99c
NORLHP,NOP,2015,M. Williams (45-37),willimo01c
NORLHP,NOP,2014,M. Williams (34-48),willimo01c
NORLHP,NOH,2013,M. Williams (27-55),willimo01c
NORLHP,NOH,2012,M. Williams (21-45),willimo01c
NORLHP,NOH,2011,M. Williams (46-36),willimo01c
NORLHP,NOH,2010,"B. Scott (3-6), J. Bower (34-39)",scottby01c|bowerje99c
NORLHP,NOH,2009,B. Scott (49-33),scottby01c
NORLHP,NOH,2008,B. Scott (56-26),scottby01c
NORLHP,NOK,2007,B. Scott (39-43),scottby01c
NORLHP,NOK,2006,B. Scott (38-44),scottby01c
NORLHP,NOH,2005,B. Scott (18-64),scottby01c
NORLHP,NOH,2004,T. Floyd (41-41),floydti99c
NORLHP,NOH,2003,P. Silas (47-35),silaspa01c
NYK,NYK,2018,J. Hornacek (15-13),hornaje01c
NYK,NYK,2017,J. Hornacek (31-51),hornaje01c
NYK,NYK,2016,"D. Fisher (23-31), K. Rambis (9-19)",fishede01c|rambiku01c
NYK,NYK,2015,D. Fisher (17-65),fishede01c
NYK,NYK,2014,M. Woodson (37-45),woodsmi01c
NYK,NYK,2013,M. Woodson (54-28),woodsmi01c
NYK,NYK,2012,"M. D'Antoni (18-24), M. Woodson (18-6)",dantomi01c|woodsmi01c
NYK,NYK,2011,M. D'Antoni (42-40),dantomi01c
NYK,NYK,2010,M. D'Antoni (29-53),dantomi01c
NYK,NYK,2009,M. D'Antoni (32-50),dantomi01c
NYK,NYK,2008,I. Thomas (23-59),thomais01c
NYK,NYK,2007,I. Thomas (33-49),thomais01c
NYK,NYK,2006,L. Brown (23-59),brownla01c
NYK,NYK,2005,"L. Wilkens (17-22), H. Williams (16-27)",wilkele01c|willihe01c
NYK,NYK,2004,"D. Chaney (15-24), H. Williams (1-0), L. Wilkens (23-19)",chanedo01c|willihe01c|wilkele01c
NYK,NYK,2003,D. Chaney (37-45),chanedo01c
NYK,NYK,2002,"J. Van Gundy (10-9), D. Chaney (20-43)",vanguje99c|chanedo01c
NYK,NYK,2001,J. Van Gundy (48-34),vanguje99c
NYK,NYK,2000,J. Van Gundy (50-32),vanguje99c
NYK,NYK,1999,J. Van Gundy (27-23),vanguje99c
NYK,NYK,1998,J. Van Gundy (43-39),vanguje99c
NYK,NYK,1997,J. Van Gundy (57-25),vanguje99c
NYK,NYK,1996,"D. Nelson (34-25), J. Van Gundy (13-10)",nelsodo01c|vanguje99c
NYK,NYK,1995,P. Riley (55-27),rileypa01c
NYK,NYK,1994,P. Riley (57-25),rileypa01c
NYK,NYK,1993,P. Riley (60-22),rileypa01c
NYK,NYK,1992,P. Riley (51-31),rileypa01c
NYK,NYK,1991,"S. Jackson (7-8), J. MacLeod (32-35)",jacksst99c|maclejo99c
NYK,NYK,1990,S. Jackson (45-37),jacksst99c
NYK,NYK,1989,R. Pitino (52-30),pitinri99c
NYK,NYK,1988,R. Pitino (38-44),pitinri99c
NYK,NYK,1987,"H. Brown (4-12), B. Hill (20-46)",brownhu99c|hillbo99c
NYK,NYK,1986,H. Brown (23-59),brownhu99c
NYK,NYK,1985,H. Brown (24-58),brownhu99c
NYK,NYK,1984,H. Brown (47-35),brownhu99c
NYK,NYK,1983,H. Brown (44-38),brownhu99c
NYK,NYK,1982,R. Holzman (33-49),holzmre01c
NYK,NYK,1981,R. Holzman (50-32),holzmre01c
NYK,NYK,1980,R. Holzman (39-43),holzmre01c
NYK,NYK,1979,"W. Reed (6-8), R. Holzman (25-43)",reedwi01c|holzmre01c
NYK,NYK,1978,W. Reed (43-39),reedwi01c
NYK,NYK,1977,R. Holzman (40-42),holzmre01c
NYK,NYK,1976,R. Holzman (38-44),holzmre01c
NYK,NYK,1975,R. Holzman (40-42),holzmre01c
NYK,NYK,1974,R. Holzman (49-33),holzmre01c
NYK,NYK,1973,R. Holzman (57-25),holzmre01c
NYK,NYK,1972,R. Holzman (48-34),holzmre01c
NYK,NYK,1971,R. Holzman (52-30),holzmre01c
NYK,NYK,1970,R. Holzman (60-22),holzmre01c
NYK,NYK,1969,R. Holzman (54-28),holzmre01c
NYK,NYK,1968,"D. McGuire (15-23), R. Holzman (28-16)",mcguidi01c|holzmre01c
NYK,NYK,1967,D. McGuire (36-45),mcguidi01c
NYK,NYK,1966,"H. Gallatin (6-15), D. McGuire (24-35)",gallaha01c|mcguidi01c
NYK,NYK,1965,"E. Donovan (12-26), H. Gallatin (19-23)",donoved99c|gallaha01c
NYK,NYK,1964,E. Donovan (22-58),donoved99c
NYK,NYK,1963,E. Donovan (21-59),donoved99c
NYK,NYK,1962,E. Donovan (29-51),donoved99c
NYK,NYK,1961,C. Braun (21-58),braunca01c
NYK,NYK,1960,"A. Levane (8-19), C. Braun (19-29)",levanan01c|braunca01c
NYK,NYK,1959,A. Levane (40-32),levanan01c
NYK,NYK,1958,V. Boryla (35-37),borylvi01c
NYK,NYK,1957,V. Boryla (36-36),borylvi01c
NYK,NYK,1956,"J. Lapchick (26-25), V. Boryla (9-12)",lapchjo99c|borylvi01c
NYK,NYK,1955,J. Lapchick (38-34),lapchjo99c
NYK,NYK,1954,J. Lapchick (44-28),lapchjo99c
NYK,NYK,1953,J. Lapchick (47-23),lapchjo99c
NYK,NYK,1952,J. Lapchick (37-29),lapchjo99c
NYK,NYK,1951,J. Lapchick (36-30),lapchjo99c
NYK,NYK,1950,J. Lapchick (40-28),lapchjo99c
NYK,NYK,1949,J. Lapchick (32-28),lapchjo99c
NYK,NYK,1948,J. Lapchick (26-22),lapchjo99c
NYK,NYK,1947,N. Cohalan (33-27),cohalne99c
SEAOKC,OKC,2018,B. Donovan (13-14),donovbi99c
SEAOKC,OKC,2017,B. Donovan (47-35),donovbi99c
SEAOKC,OKC,2016,B. Donovan (55-27),donovbi99c
SEAOKC,OKC,2015,S. Brooks (45-37),brooksc01c
SEAOKC,OKC,2014,S. Brooks (59-23),brooksc01c
SEAOKC,OKC,2013,S. Brooks (60-22),brooksc01c
SEAOKC,OKC,2012,S. Brooks (47-19),brooksc01c
SEAOKC,OKC,2011,S. Brooks (55-27),brooksc01c
SEAOKC,OKC,2010,S. Brooks (50-32),brooksc01c
SEAOKC,OKC,2009,"P. Carlesimo (1-12), S. Brooks (22-47)",carlepj99c|brooksc01c
SEAOKC,SEA,2008,P. Carlesimo (20-62),carlepj99c
SEAOKC,SEA,2007,B. Hill (31-51),hillbo99c
SEAOKC,SEA,2006,"B. Weiss (13-17), B. Hill (22-30)",weissbo01c|hillbo99c
SEAOKC,SEA,2005,N. McMillan (52-30),mcmilna01c
SEAOKC,SEA,2004,N. McMillan (37-45),mcmilna01c
SEAOKC,SEA,2003,N. McMillan (40-42),mcmilna01c
SEAOKC,SEA,2002,N. McMillan (45-37),mcmilna01c
SEAOKC,SEA,2001,"P. Westphal (6-9), N. McMillan (38-29)",westppa01c|mcmilna01c
SEAOKC,SEA,2000,P. Westphal (45-37),westppa01c
SEAOKC,SEA,1999,P. Westphal (25-25),westppa01c
SEAOKC,SEA,1998,G. Karl (61-21),karlge01c
SEAOKC,SEA,1997,G. Karl (57-25),karlge01c
SEAOKC,SEA,1996,G. Karl (64-18),karlge01c
SEAOKC,SEA,1995,G. Karl (57-25),karlge01c
SEAOKC,SEA,1994,G. Karl (63-19),karlge01c
SEAOKC,SEA,1993,G. Karl (55-27),karlge01c
SEAOKC,SEA,1992,"K. Jones (18-18), B. Kloppenburg (2-2), G. Karl (27-15)",joneskc01c|kloppbo99c|karlge01c
SEAOKC,SEA,1991,K. Jones (41-41),joneskc01c
SEAOKC,SEA,1990,B. Bickerstaff (41-41),bickebe99c
SEAOKC,SEA,1989,B. Bickerstaff (47-35),bickebe99c
SEAOKC,SEA,1988,B. Bickerstaff (44-38),bickebe99c
SEAOKC,SEA,1987,B. Bickerstaff (39-43),bickebe99c
SEAOKC,SEA,1986,B. Bickerstaff (31-51),bickebe99c
SEAOKC,SEA,1985,L. Wilkens (31-51),wilkele01c
SEAOKC,SEA,1984,L. Wilkens (42-40),wilkele01c
SEAOKC,SEA,1983,L. Wilkens (48-34),wilkele01c
SEAOKC,SEA,1982,L. Wilkens (52-30),wilkele01c
SEAOKC,SEA,1981,L. Wilkens (34-48),wilkele01c
SEAOKC,SEA,1980,L. Wilkens (56-26),wilkele01c
SEAOKC,SEA,1979,L. Wilkens (52-30),wilkele01c
SEAOKC,SEA,1978,"B. Hopkins (5-17), L. Wilkens (42-18)",hopkibo01c|wilkele01c
SEAOKC,SEA,1977,B. Russell (40-42),russebi01c
SEAOKC,SEA,1976,B. Russell (43-39),russebi01c
SEAOKC,SEA,1975,B. Russell (43-39),russebi01c
SEAOKC,SEA,1974,B. Russell (36-46),russebi01c
SEAOKC,SEA,1973,"T. Nissalke (13-32), B. Buckwalter (13-24)",nissato99c|buckwbu99c
SEAOKC,SEA,1972,L. Wilkens (47-35),wilkele01c
SEAOKC,SEA,1971,L. Wilkens (38-44),wilkele01c
SEAOKC,SEA,1970,L. Wilkens (36-46),wilkele01c
SEAOKC,SEA,1969,A. Bianchi (30-52),biancal01c
SEAOKC,SEA,1968,A. Bianchi (23-59),biancal01c
ORL,ORL,2018,F. Vogel (11-18),vogelfr99c
ORL,ORL,2017,F. Vogel (29-53),vogelfr99c
ORL,ORL,2016,S. Skiles (35-47),skilesc01c
ORL,ORL,2015,"J. Vaughn (15-37), J. Borrego (10-20)",vaughja01c|borreja99c
ORL,ORL,2014,J. Vaughn (23-59),vaughja01c
ORL,ORL,2013,J. Vaughn (20-62),vaughja01c
ORL,ORL,2012,S. Van Gundy (37-29),vangust99c
ORL,ORL,2011,S. Van Gundy (52-30),vangust99c
ORL,ORL,2010,S. Van Gundy (59-23),vangust99c
ORL,ORL,2009,S. Van Gundy (59-23),vangust99c
ORL,ORL,2008,S. Van Gundy (52-30),vangust99c
ORL,ORL,2007,B. Hill (40-42),hillbr99c
ORL,ORL,2006,B. Hill (36-46),hillbr99c
ORL,ORL,2005,"J. Davis (31-33), C. Jent (5-13)",davisjo01c|jentch01c
ORL,ORL,2004,"D. Rivers (1-10), J. Davis (20-51)",riverdo01c|davisjo01c
ORL,ORL,2003,D. Rivers (42-40),riverdo01c
ORL,ORL,2002,D. Rivers (44-38),riverdo01c
ORL,ORL,2001,D. Rivers (43-39),riverdo01c
ORL,ORL,2000,D. Rivers (41-41),riverdo01c
ORL,ORL,1999,C. Daly (33-17),dalych99c
ORL,ORL,1998,C. Daly (41-41),dalych99c
ORL,ORL,1997,"B. Hill (24-25), R. Adubato (21-12)",hillbr99c|adubari99c
ORL,ORL,1996,B. Hill (60-22),hillbr99c
ORL,ORL,1995,B. Hill (57-25),hillbr99c
ORL,ORL,1994,B. Hill (50-32),hillbr99c
ORL,ORL,1993,M. Guokas (41-41),guokama02c
ORL,ORL,1992,M. Guokas (21-61),guokama02c
ORL,ORL,1991,M. Guokas (31-51),guokama02c
ORL,ORL,1990,M. Guokas (18-64),guokama02c
PHI,PHI,2018,B. Brown (14-13),brownbr99c
PHI,PHI,2017,B. Brown (28-54),brownbr99c
PHI,PHI,2016,B. Brown (10-72),brownbr99c
PHI,PHI,2015,B. Brown (18-64),brownbr99c
PHI,PHI,2014,B. Brown (19-63),brownbr99c
PHI,PHI,2013,D. Collins (34-48),collido01c
PHI,PHI,2012,D. Collins (35-31),collido01c
PHI,PHI,2011,D. Collins (41-41),collido01c
PHI,PHI,2010,E. Jordan (27-55),jordaed01c
PHI,PHI,2009,"M. Cheeks (9-14), T. DiLeo (32-27)",cheekma01c|dileoto99c
PHI,PHI,2008,M. Cheeks (40-42),cheekma01c
PHI,PHI,2007,M. Cheeks (35-47),cheekma01c
PHI,PHI,2006,M. Cheeks (38-44),cheekma01c
PHI,PHI,2005,J. O'Brien (43-39),obrieji99c
PHI,PHI,2004,"R. Ayers (21-31), C. Ford (12-18)",ayersra99c|fordch01c
PHI,PHI,2003,L. Brown (48-34),brownla01c
PHI,PHI,2002,L. Brown (43-39),brownla01c
PHI,PHI,2001,L. Brown (56-26),brownla01c
PHI,PHI,2000,L. Brown (49-33),brownla01c
PHI,PHI,1999,L. Brown (28-22),brownla01c
PHI,PHI,1998,L. Brown (31-51),brownla01c
PHI,PHI,1997,J. Davis (22-60),davisjo01c
PHI,PHI,1996,J. Lucas (18-64),lucasjo01c
PHI,PHI,1995,J. Lucas (24-58),lucasjo01c
PHI,PHI,1994,F. Carter (25-57),cartefr01c
PHI,PHI,1993,"D. Moe (19-37), F. Carter (7-19)",moedo01c|cartefr01c
PHI,PHI,1992,J. Lynam (35-47),lynamji99c
PHI,PHI,1991,J. Lynam (44-38),lynamji99c
PHI,PHI,1990,J. Lynam (53-29),lynamji99c
PHI,PHI,1989,J. Lynam (46-36),lynamji99c
PHI,PHI,1988,"M. Guokas (20-23), J. Lynam (16-23)",guokama02c|lynamji99c
PHI,PHI,1987,M. Guokas (45-37),guokama02c
PHI,PHI,1986,M. Guokas (54-28),guokama02c
PHI,PHI,1985,B. Cunningham (58-24),cunnibi01c
PHI,PHI,1984,B. Cunningham (52-30),cunnibi01c
PHI,PHI,1983,B. Cunningham (65-17),cunnibi01c
PHI,PHI,1982,B. Cunningham (58-24),cunnibi01c
PHI,PHI,1981,B. Cunningham (62-20),cunnibi01c
PHI,PHI,1980,B. Cunningham (59-23),cunnibi01c
PHI,PHI,1979,B. Cunningham (47-35),cunnibi01c
PHI,PHI,1978,"G. Shue (2-4), B. Cunningham (53-23)",shuege01c|cunnibi01c
PHI,PHI,1977,G. Shue (50-32),shuege01c
PHI,PHI,1976,G. Shue (46-36),shuege01c
PHI,PHI,1975,G. Shue (34-48),shuege01c
PHI,PHI,1974,G. Shue (25-57),shuege01c
PHI,PHI,1973,"R. Rubin (4-47), K. Loughery (5-26)",rubinro99c|loughke01c
PHI,PHI,1972,J. Ramsay (30-52),ramsaja99c
PHI,PHI,1971,J. Ramsay (47-35),ramsaja99c
PHI,PHI,1970,J. Ramsay (42-40),ramsaja99c
PHI,PHI,1969,J. Ramsay (55-27),ramsaja99c
PHI,PHI,1968,A. Hannum (62-20),hannual01c
PHI,PHI,1967,A. Hannum (68-13),hannual01c
PHI,PHI,1966,D. Schayes (55-25),schaydo01c
PHI,PHI,1965,D. Schayes (40-40),schaydo01c
PHI,PHI,1964,D. Schayes (34-46),schaydo01c
PHI,PHI,1963,A. Hannum (48-32),hannual01c
PHI,PHI,1962,A. Hannum (41-39),hannual01c
PHI,PHI,1961,A. Hannum (38-41),hannual01c
PHI,PHI,1960,P. Seymour (45-30),seymopa01c
PHI,PHI,1959,P. Seymour (35-37),seymopa01c
PHI,PHI,1958,P. Seymour (41-31),seymopa01c
PHI,PHI,1957,"A. Cervi (4-8), P. Seymour (34-26)",cervial01c|seymopa01c
PHI,PHI,1956,A. Cervi (35-37),cervial01c
PHI,PHI,1955,A. Cervi (43-29),cervial01c
PHI,PHI,1954,A. Cervi (42-30),cervial01c
PHI,PHI,1953,A. Cervi (47-24),cervial01c
PHI,PHI,1952,A. Cervi (40-26),cervial01c
PHI,PHI,1951,A. Cervi (32-34),cervial01c
PHI,PHI,1950,A. Cervi (51-13),cervial01c
PHO,PHO,2018,"E. Watson (0-3), J. Triano (9-18)",watsoea01c|trianja99c
PHO,PHO,2017,E. Watson (24-58),watsoea01c
PHO,PHO,2016,"J. Hornacek (14-35), E. Watson (9-24)",hornaje01c|watsoea01c
PHO,PHO,2015,J. Hornacek (39-43),hornaje01c
PHO,PHO,2014,J. Hornacek (48-34),hornaje01c
PHO,PHO,2013,"A. Gentry (13-28), L. Hunter (12-29)",gentral99c|hunteli01c
PHO,PHO,2012,A. Gentry (33-33),gentral99c
PHO,PHO,2011,A. Gentry (40-42),gentral99c
PHO,PHO,2010,A. Gentry (54-28),gentral99c
PHO,PHO,2009,"T. Porter (28-23), A. Gentry (18-13)",portete01c|gentral99c
PHO,PHO,2008,M. D'Antoni (55-27),dantomi01c
PHO,PHO,2007,M. D'Antoni (61-21),dantomi01c
PHO,PHO,2006,M. D'Antoni (54-28),dantomi01c
PHO,PHO,2005,M. D'Antoni (62-20),dantomi01c
PHO,PHO,2004,"F. Johnson (8-13), M. D'Antoni (21-40)",johnsfr01c|dantomi01c
PHO,PHO,2003,F. Johnson (44-38),johnsfr01c
PHO,PHO,2002,"S. Skiles (25-26), F. Johnson (11-20)",skilesc01c|johnsfr01c
PHO,PHO,2001,S. Skiles (51-31),skilesc01c
PHO,PHO,2000,"D. Ainge (13-7), S. Skiles (40-22)",aingeda01c|skilesc01c
PHO,PHO,1999,D. Ainge (27-23),aingeda01c
PHO,PHO,1998,D. Ainge (56-26),aingeda01c
PHO,PHO,1997,"C. Fitzsimmons (0-8), D. Ainge (40-34)",fitzsco99c|aingeda01c
PHO,PHO,1996,"P. Westphal (14-19), C. Fitzsimmons (27-22)",westppa01c|fitzsco99c
PHO,PHO,1995,P. Westphal (59-23),westppa01c
PHO,PHO,1994,P. Westphal (56-26),westppa01c
PHO,PHO,1993,P. Westphal (62-20),westppa01c
PHO,PHO,1992,C. Fitzsimmons (53-29),fitzsco99c
PHO,PHO,1991,C. Fitzsimmons (55-27),fitzsco99c
PHO,PHO,1990,C. Fitzsimmons (54-28),fitzsco99c
PHO,PHO,1989,C. Fitzsimmons (55-27),fitzsco99c
PHO,PHO,1988,J. Wetzel (28-54),wetzejo01c
PHO,PHO,1987,"J. MacLeod (22-34), D. Van Arsdale (14-12)",maclejo99c|vanardi01c
PHO,PHO,1986,J. MacLeod (32-50),maclejo99c
PHO,PHO,1985,J. MacLeod (36-46),maclejo99c
PHO,PHO,1984,J. MacLeod (41-41),maclejo99c
PHO,PHO,1983,J. MacLeod (53-29),maclejo99c
PHO,PHO,1982,J. MacLeod (46-36),maclejo99c
PHO,PHO,1981,J. MacLeod (57-25),maclejo99c
PHO,PHO,1980,J. MacLeod (55-27),maclejo99c
PHO,PHO,1979,J. MacLeod (50-32),maclejo99c
PHO,PHO,1978,J. MacLeod (49-33),maclejo99c
PHO,PHO,1977,J. MacLeod (34-48),maclejo99c
PHO,PHO,1976,J. MacLeod (42-40),maclejo99c
PHO,PHO,1975,J. MacLeod (32-50),maclejo99c
PHO,PHO,1974,J. MacLeod (30-52),maclejo99c
PHO,PHO,1973,"B. Van Breda Kolff (3-4), J. Colangelo (35-40)",vanbrbu01c|colanje99c
PHO,PHO,1972,C. Fitzsimmons (49-33),fitzsco99c
PHO,PHO,1971,C. Fitzsimmons (48-34),fitzsco99c
PHO,PHO,1970,"R. Kerr (15-23), J. Colangelo (24-20)",kerrre01c|colanje99c
PHO,PHO,1969,R. Kerr (16-66),kerrre01c
POR,POR,2018,T. Stotts (14-13),stottte99c
POR,POR,2017,T. Stotts (41-41),stottte99c
POR,POR,2016,T. Stotts (44-38),stottte99c
POR,POR,2015,T. Stotts (51-31),stottte99c
POR,POR,2014,T. Stotts (54-28),stottte99c
POR,POR,2013,T. Stotts (33-49),stottte99c
POR,POR,2012,"N. McMillan (20-23), K. Canales (8-15)",mcmilna01c|canalka99c
POR,POR,2011,N. McMillan (48-34),mcmilna01c
POR,POR,2010,N. McMillan (50-32),mcmilna01c
POR,POR,2009,N. McMillan (54-28),mcmilna01c
POR,POR,2008,N. McMillan (41-41),mcmilna01c
POR,POR,2007,N. McMillan (32-50),mcmilna01c
POR,POR,2006,N. McMillan (21-61),mcmilna01c
POR,POR,2005,"M. Cheeks (22-33), K. Pritchard (5-22)",cheekma01c|pritcke01c
POR,POR,2004,M. Cheeks (41-41),cheekma01c
POR,POR,2003,M. Cheeks (50-32),cheekma01c
POR,POR,2002,M. Cheeks (49-33),cheekma01c
POR,POR,2001,M. Dunleavy (50-32),dunlemi01c
POR,POR,2000,M. Dunleavy (59-23),dunlemi01c
POR,POR,1999,M. Dunleavy (35-15),dunlemi01c
POR,POR,1998,M. Dunleavy (46-36),dunlemi01c
POR,POR,1997,P. Carlesimo (49-33),carlepj99c
POR,POR,1996,P. Carlesimo (44-38),carlepj99c
POR,POR,1995,P. Carlesimo (44-38),carlepj99c
POR,POR,1994,R. Adelman (47-35),adelmri01c
POR,POR,1993,R. Adelman (51-31),adelmri01c
POR,POR,1992,R. Adelman (57-25),adelmri01c
POR,POR,1991,R. Adelman (63-19),adelmri01c
POR,POR,1990,R. Adelman (59-23),adelmri01c
POR,POR,1989,"M. Schuler (25-22), R. Adelman (14-21)",schulmi99c|adelmri01c
POR,POR,1988,M. Schuler (53-29),schulmi99c
POR,POR,1987,M. Schuler (49-33),schulmi99c
POR,POR,1986,J. Ramsay (40-42),ramsaja99c
POR,POR,1985,J. Ramsay (42-40),ramsaja99c
POR,POR,1984,J. Ramsay (48-34),ramsaja99c
POR,POR,1983,J. Ramsay (46-36),ramsaja99c
POR,POR,1982,J. Ramsay (42-40),ramsaja99c
POR,POR,1981,J. Ramsay (45-37),ramsaja99c
POR,POR,1980,J. Ramsay (38-44),ramsaja99c
POR,POR,1979,J. Ramsay (45-37),ramsaja99c
POR,POR,1978,J. Ramsay (58-24),ramsaja99c
POR,POR,1977,J. Ramsay (49-33),ramsaja99c
POR,POR,1976,L. Wilkens (37-45),wilkele01c
POR,POR,1975,L. Wilkens (38-44),wilkele01c
POR,POR,1974,J. McCloskey (27-55),mccloja01d
POR,POR,1973,J. McCloskey (21-61),mccloja01d
POR,POR,1972,"R. Todd (12-44), S. Inman (6-20)",toddro99c|inmanst99c
POR,POR,1971,R. Todd (29-53),toddro99c
SAC,SAC,2018,D. Joerger (9-19),joergda99c
SAC,SAC,2017,D. Joerger (32-50),joergda99c
SAC,SAC,2016,G. Karl (33-49),karlge01c
SAC,SAC,2015,"M. Malone (11-13), T. Corbin (7-21), G. Karl (11-19)",malonmi99c|corbity01c|karlge01c
SAC,SAC,2014,M. Malone (28-54),malonmi99c
SAC,SAC,2013,K. Smart (28-54),smartke01c
SAC,SAC,2012,"P. Westphal (2-5), K. Smart (20-39)",westppa01c|smartke01c
SAC,SAC,2011,P. Westphal (24-58),westppa01c
SAC,SAC,2010,P. Westphal (25-57),westppa01c
SAC,SAC,2009,"R. Theus (6-18), K. Natt (11-47)",theusre01c|nattke01c
SAC,SAC,2008,R. Theus (38-44),theusre01c
SAC,SAC,2007,E. Musselman (33-49),musseer99c
SAC,SAC,2006,R. Adelman (44-38),adelmri01c
SAC,SAC,2005,R. Adelman (50-32),adelmri01c
SAC,SAC,2004,R. Adelman (55-27),adelmri01c
SAC,SAC,2003,R. Adelman (59-23),adelmri01c
SAC,SAC,2002,R. Adelman (61-21),adelmri01c
SAC,SAC,2001,R. Adelman (55-27),adelmri01c
SAC,SAC,2000,R. Adelman (44-38),adelmri01c
SAC,SAC,1999,R. Adelman (27-23),adelmri01c
SAC,SAC,1998,E. Jordan (27-55),jordaed01c
SAC,SAC,1997,"G. St. Jean (28-39), E. Jordan (6-9)",stjeaga99c|jordaed01c
SAC,SAC,1996,G. St. Jean (39-43),stjeaga99c
SAC,SAC,1995,G. St. Jean (39-43),stjeaga99c
SAC,SAC,1994,G. St. Jean (28-54),stjeaga99c
SAC,SAC,1993,G. St. Jean (25-57),stjeaga99c
SAC,SAC,1992,"D. Motta (7-18), R. Hughes (22-35)",mottadi99c|hughere99c
SAC,SAC,1991,D. Motta (25-57),mottadi99c
SAC,SAC,1990,"J. Reynolds (7-21), D. Motta (16-38)",reynoje99c|mottadi99c
SAC,SAC,1989,J. Reynolds (27-55),reynoje99c
SAC,SAC,1988,"B. Russell (17-41), J. Reynolds (7-17)",russebi01c|reynoje99c
SAC,SAC,1987,"P. Johnson (14-32), J. Reynolds (15-21)",johnsph99c|reynoje99c
SAC,SAC,1986,P. Johnson (37-45),johnsph99c
SAC,SAC,1985,"J. McKinney (1-8), P. Johnson (30-43)",mckinja99c|johnsph99c
SAC,SAC,1984,C. Fitzsimmons (38-44),fitzsco99c
SAC,SAC,1983,C. Fitzsimmons (45-37),fitzsco99c
SAC,SAC,1982,C. Fitzsimmons (30-52),fitzsco99c
SAC,SAC,1981,C. Fitzsimmons (40-42),fitzsco99c
SAC,SAC,1980,C. Fitzsimmons (47-35),fitzsco99c
SAC,SAC,1979,C. Fitzsimmons (48-34),fitzsco99c
SAC,SAC,1978,"P. Johnson (13-24), L. Staverman (18-27)",johnsph99c|stavela01c
SAC,SAC,1977,P. Johnson (40-42),johnsph99c
SAC,SAC,1976,P. Johnson (31-51),johnsph99c
SAC,SAC,1975,P. Johnson (44-38),johnsph99c
SAC,SAC,1974,"B. Cousy (6-14), D. Young (0-4), P. Johnson (27-31)",cousybo01c|youngdr99c|johnsph99c
SAC,SAC,1973,B. Cousy (36-46),cousybo01c
SAC,SAC,1972,B. Cousy (30-52),cousybo01c
SAC,SAC,1971,B. Cousy (33-49),cousybo01c
SAC,SAC,1970,B. Cousy (36-46),cousybo01c
SAC,SAC,1969,E. Jucker (41-41),juckeed99c
SAC,SAC,1968,E. Jucker (39-43),juckeed99c
SAC,SAC,1967,J. McMahon (39-42),mcmahja01c
SAC,SAC,1966,J. McMahon (45-35),mcmahja01c
SAC,SAC,1965,J. McMahon (48-32),mcmahja01c
SAC,SAC,1964,J. McMahon (55-25),mcmahja01c
SAC,SAC,1963,C. Wolf (42-38),wolfch99c
SAC,SAC,1962,C. Wolf (43-37),wolfch99c
SAC,SAC,1961,C. Wolf (33-46),wolfch99c
SAC,SAC,1960,T. Marshall (19-56),marshto01c
SAC,SAC,1959,"B. Wanzer (3-15), T. Marshall (16-38)",wanzebo01c|marshto01c
SAC,SAC,1958,B. Wanzer (33-39),wanzebo01c
SAC,SAC,1957,B. Wanzer (31-41),wanzebo01c
SAC,SAC,1956,B. Wanzer (31-41),wanzebo01c
SAC,SAC,1955,L. Harrison (29-43),harrile99c
SAC,SAC,1954,L. Harrison (44-28),harrile99c
SAC,SAC,1953,L. Harrison (44-26),harrile99c
SAC,SAC,1952,L. Harrison (41-25),harrile99c
SAC,SAC,1951,L. Harrison (41-27),harrile99c
SAC,SAC,1950,L. Harrison (51-17),harrile99c
SAC,SAC,1949,L. Harrison (45-15),harrile99c
SAS,SAS,2018,G. Popovich (19-9),popovgr99c
SAS,SAS,2017,G. Popovich (61-21),popovgr99c
SAS,SAS,2016,G. Popovich (67-15),popovgr99c
SAS,SAS,2015,G. Popovich (55-27),popovgr99c
SAS,SAS,2014,G. Popovich (62-20),popovgr99c
SAS,SAS,2013,G. Popovich (58-24),popovgr99c
SAS,SAS,2012,G. Popovich (50-16),popovgr99c
SAS,SAS,2011,G. Popovich (61-21),popovgr99c
SAS,SAS,2010,G. Popovich (50-32),popovgr99c
SAS,SAS,2009,G. Popovich (54-28),popovgr99c
SAS,SAS,2008,G. Popovich (56-26),popovgr99c
SAS,SAS,2007,G. Popovich (58-24),popovgr99c
SAS,SAS,2006,G. Popovich (63-19),popovgr99c
SAS,SAS,2005,G. Popovich (59-23),popovgr99c
SAS,SAS,2004,G. Popovich (57-25),popovgr99c
SAS,SAS,2003,G. Popovich (60-22),popovgr99c
SAS,SAS,2002,G. Popovich (58-24),popovgr99c
SAS,SAS,2001,G. Popovich (58-24),popovgr99c
SAS,SAS,2000,G. Popovich (53-29),popovgr99c
SAS,SAS,1999,G. Popovich (37-13),popovgr99c
SAS,SAS,1998,G. Popovich (56-26),popovgr99c
SAS,SAS,1997,"B. Hill (3-15), G. Popovich (17-47)",hillbo99c|popovgr99c
SAS,SAS,1996,B. Hill (59-23),hillbo99c
SAS,SAS,1995,B. Hill (62-20),hillbo99c
SAS,SAS,1994,J. Lucas (55-27),lucasjo01c
SAS,SAS,1993,"J. Tarkanian (9-11), R. Hughes (1-0), J. Lucas (39-22)",tarkaje99c|hughere99c|lucasjo01c
SAS,SAS,1992,"L. Brown (21-17), B. Bass (26-18)",brownla01c|bassbo99c
SAS,SAS,1991,L. Brown (55-27),brownla01c
SAS,SAS,1990,L. Brown (56-26),brownla01c
SAS,SAS,1989,L. Brown (21-61),brownla01c
SAS,SAS,1988,B. Weiss (31-51),weissbo01c
SAS,SAS,1987,B. Weiss (28-54),weissbo01c
SAS,SAS,1986,C. Fitzsimmons (35-47),fitzsco99c
SAS,SAS,1985,C. Fitzsimmons (41-41),fitzsco99c
SAS,SAS,1984,"M. McHone (11-20), B. Bass (26-25)",mchonmo99c|bassbo99c
SAS,SAS,1983,S. Albeck (53-29),albecst99c
SAS,SAS,1982,S. Albeck (48-34),albecst99c
SAS,SAS,1981,S. Albeck (52-30),albecst99c
SAS,SAS,1980,"D. Moe (33-33), B. Bass (8-8)",moedo01c|bassbo99c
SAS,SAS,1979,D. Moe (48-34),moedo01c
SAS,SAS,1978,D. Moe (52-30),moedo01c
SAS,SAS,1977,D. Moe (44-38),moedo01c
SAS,SAS,1976,B. Bass (50-34),bassbo99c
SAS,SAS,1975,"T. Nissalke (18-10), B. Bass (33-23)",nissato99c|bassbo99c
SAS,SAS,1974,T. Nissalke (45-39),nissato99c
SAS,SAS,1973,"B. McCarthy (24-48), D. Brown (4-8)",mccarba99c|brownda99c
SAS,SAS,1972,T. Nissalke (42-42),nissato99c
SAS,SAS,1971,"M. Williams (5-14), B. Blakeley (25-40)",willima99c|blakebi99c
SAS,SAS,1970,"C. Hagan (22-21), M. Williams (23-18)",hagancl01c|willima99c
SAS,SAS,1969,C. Hagan (41-37),hagancl01c
SAS,SAS,1968,C. Hagan (46-32),hagancl01c
TOR,TOR,2018,D. Casey (18-8),caseydw99c
TOR,TOR,2017,D. Casey (51-31),caseydw99c
TOR,TOR,2016,D. Casey (56-26),caseydw99c
TOR,TOR,2015,D. Casey (49-33),caseydw99c
TOR,TOR,2014,D. Casey (48-34),caseydw99c
TOR,TOR,2013,D. Casey (34-48),caseydw99c
TOR,TOR,2012,D. Casey (23-43),caseydw99c
TOR,TOR,2011,J. Triano (22-60),trianja99c
TOR,TOR,2010,J. Triano (40-42),trianja99c
TOR,TOR,2009,"S. Mitchell (8-9), J. Triano (25-40)",mitchsa01c|trianja99c
TOR,TOR,2008,S. Mitchell (41-41),mitchsa01c
TOR,TOR,2007,S. Mitchell (47-35),mitchsa01c
TOR,TOR,2006,S. Mitchell (27-55),mitchsa01c
TOR,TOR,2005,S. Mitchell (33-49),mitchsa01c
TOR,TOR,2004,K. O'Neill (33-49),oneilke99c
TOR,TOR,2003,L. Wilkens (24-58),wilkele01c
TOR,TOR,2002,L. Wilkens (42-40),wilkele01c
TOR,TOR,2001,L. Wilkens (47-35),wilkele01c
TOR,TOR,2000,B. Carter (45-37),cartebu01c
TOR,TOR,1999,B. Carter (23-27),cartebu01c
TOR,TOR,1998,"D. Walker (11-38), B. Carter (5-28)",walkeda01c|cartebu01c
TOR,TOR,1997,D. Walker (30-52),walkeda01c
TOR,TOR,1996,B. Malone (21-61),malonbr99c
UTA,UTA,2018,Q. Snyder (13-15),snydequ01c
UTA,UTA,2017,Q. Snyder (51-31),snydequ01c
UTA,UTA,2016,Q. Snyder (40-42),snydequ01c
UTA,UTA,2015,Q. Snyder (38-44),snydequ01c
UTA,UTA,2014,T. Corbin (25-57),corbity01c
UTA,UTA,2013,T. Corbin (43-39),corbity01c
UTA,UTA,2012,T. Corbin (36-30),corbity01c
UTA,UTA,2011,"J. Sloan (31-23), T. Corbin (8-20)",sloanje01c|corbity01c
UTA,UTA,2010,J. Sloan (53-29),sloanje01c
UTA,UTA,2009,J. Sloan (48-34),sloanje01c
UTA,UTA,2008,J. Sloan (54-28),sloanje01c
UTA,UTA,2007,J. Sloan (51-31),sloanje01c
UTA,UTA,2006,J. Sloan (41-41),sloanje01c
UTA,UTA,2005,J. Sloan (26-56),sloanje01c
UTA,UTA,2004,J. Sloan (42-40),sloanje01c
UTA,UTA,2003,J. Sloan (47-35),sloanje01c
UTA,UTA,2002,J. Sloan (44-38),sloanje01c
UTA,UTA,2001,J. Sloan (53-29),sloanje01c
UTA,UTA,2000,J. Sloan (55-27),sloanje01c
UTA,UTA,1999,J. Sloan (37-13),sloanje01c
UTA,UTA,1998,J. Sloan (62-20),sloanje01c
UTA,UTA,1997,J. Sloan (64-18),sloanje01c
UTA,UTA,1996,J. Sloan (55-27),sloanje01c
UTA,UTA,1995,J. Sloan (60-22),sloanje01c
UTA,UTA,1994,J. Sloan (53-29),sloanje01c
UTA,UTA,1993,J. Sloan (47-35),sloanje01c
UTA,UTA,1992,J. Sloan (55-27),sloanje01c
UTA,UTA,1991,J. Sloan (54-28),sloanje01c
UTA,UTA,1990,J. Sloan (55-27),sloanje01c
UTA,UTA,1989,"F. Layden (11-6), J. Sloan (40-25)",laydefr99c|sloanje01c
UTA,UTA,1988,F. Layden (47-35),laydefr99c
UTA,UTA,1987,F. Layden (44-38),laydefr99c
UTA,UTA,1986,F. Layden (42-40),laydefr99c
UTA,UTA,1985,F. Layden (41-41),laydefr99c
UTA,UTA,1984,F. Layden (45-37),laydefr99c
UTA,UTA,1983,F. Layden (30-52),laydefr99c
UTA,UTA,1982,"T. Nissalke (8-12), F. Layden (17-45)",nissato99c|laydefr99c
UTA,UTA,1981,T. Nissalke (28-54),nissato99c
UTA,UTA,1980,T. Nissalke (24-58),nissato99c
UTA,UTA,1979,E. Baylor (26-56),bayloel01c
UTA,UTA,1978,E. Baylor (39-43),bayloel01c
UTA,UTA,1977,"B. Van Breda Kolff (14-12), E. Baylor (21-35)",vanbrbu01c|bayloel01c
UTA,UTA,1976,B. Van Breda Kolff (38-44),vanbrbu01c
UTA,UTA,1975,"S. Robertson (1-14), E. Baylor (0-1), B. Van Breda Kolff (22-44)",robersc99c|bayloel01c|vanbrbu01c
MIA,MIA,2018,E. Spoelstra (13-14),spoeler99c
MIA,MIA,2017,E. Spoelstra (41-41),spoeler99c
MIA,MIA,2016,E. Spoelstra (48-34),spoeler99c
MIA,MIA,2015,E. Spoelstra (37-45),spoeler99c
MIA,MIA,2014,E. Spoelstra (54-28),spoeler99c
MIA,MIA,2013,E. Spoelstra (66-16),spoeler99c
MIA,MIA,2012,E. Spoelstra (46-20),spoeler99c
MIA,MIA,2011,E. Spoelstra (58-24),spoeler99c
MIA,MIA,2010,E. Spoelstra (47-35),spoeler99c
MIA,MIA,2009,E. Spoelstra (43-39),spoeler99c
MIA,MIA,2008,P. Riley (15-67),rileypa01c
MIA,MIA,2007,P. Riley (44-38),rileypa01c
MIA,MIA,2006,"S. Van Gundy (11-10), P. Riley (41-20)",vangust99c|rileypa01c
MIA,MIA,2005,S. Van Gundy (59-23),vangust99c
MIA,MIA,2004,S. Van Gundy (42-40),vangust99c
MIA,MIA,2003,P. Riley (25-57),rileypa01c
MIA,MIA,2002,P. Riley (36-46),rileypa01c
MIA,MIA,2001,P. Riley (50-32),rileypa01c
MIA,MIA,2000,P. Riley (52-30),rileypa01c
MIA,MIA,1999,P. Riley (33-17),rileypa01c
MIA,MIA,1998,P. Riley (55-27),rileypa01c
MIA,MIA,1997,P. Riley (61-21),rileypa01c
MIA,MIA,1996,P. Riley (42-40),rileypa01c
MIA,MIA,1995,"K. Loughery (17-29), A. Gentry (15-21)",loughke01c|gentral99c
MIA,MIA,1994,K. Loughery (42-40),loughke01c
MIA,MIA,1993,K. Loughery (36-46),loughke01c
MIA,MIA,1992,K. Loughery (38-44),loughke01c
MIA,MIA,1991,R. Rothstein (24-58),rothsro99c
MIA,MIA,1990,R. Rothstein (18-64),rothsro99c
MIA,MIA,1989,R. Rothstein (15-67),rothsro99c
VANMEM,MEM,2018,"D. Fizdale (7-12), J. Bickerstaff (1-8)",fizdada01c|bickejb01c
VANMEM,MEM,2017,D. Fizdale (43-39),fizdada01c
VANMEM,MEM,2016,D. Joerger (42-40),joergda99c
VANMEM,MEM,2015,D. Joerger (55-27),joergda99c
VANMEM,MEM,2014,D. Joerger (50-32),joergda99c
VANMEM,MEM,2013,L. Hollins (56-26),hollili01c
VANMEM,MEM,2012,L. Hollins (41-25),hollili01c
VANMEM,MEM,2011,L. Hollins (46-36),hollili01c
VANMEM,MEM,2010,L. Hollins (40-42),hollili01c
VANMEM,MEM,2009,"M. Iavaroni (11-30), J. Davis (0-2), L. Hollins (13-26)",iavarma01c|davisjo01c|hollili01c
VANMEM,MEM,2008,M. Iavaroni (22-60),iavarma01c
VANMEM,MEM,2007,"M. Fratello (6-24), T. Barone (16-36)",fratemi99c|baronto99c
VANMEM,MEM,2006,M. Fratello (49-33),fratemi99c
VANMEM,MEM,2005,"H. Brown (5-7), L. Hollins (0-4), M. Fratello (40-26)",brownhu99c|hollili01c|fratemi99c
VANMEM,MEM,2004,H. Brown (50-32),brownhu99c
VANMEM,MEM,2003,"S. Lowe (0-8), H. Brown (28-46)",lowesi01c|brownhu99c
VANMEM,MEM,2002,S. Lowe (23-59),lowesi01c
VANMEM,VAN,2001,S. Lowe (23-59),lowesi01c
VANMEM,VAN,2000,"B. Hill (4-18), L. Hollins (18-42)",hillbr99c|hollili01c
VANMEM,VAN,1999,B. Hill (8-42),hillbr99c
VANMEM,VAN,1998,B. Hill (19-63),hillbr99c
VANMEM,VAN,1997,"B. Winters (8-35), S. Jackson (6-33)",wintebr01c|jacksst99c
VANMEM,VAN,1996,B. Winters (15-67),wintebr01c
BOS,BOS,2018,B. Stevens (24-6),stevebr99c
BOS,BOS,2017,B. Stevens (53-29),stevebr99c
BOS,BOS,2016,B. Stevens (48-34),stevebr99c
BOS,BOS,2015,B. Stevens (40-42),stevebr99c
BOS,BOS,2014,B. Stevens (25-57),stevebr99c
BOS,BOS,2013,D. Rivers (41-40),riverdo01c
BOS,BOS,2012,D. Rivers (39-27),riverdo01c
BOS,BOS,2011,D. Rivers (56-26),riverdo01c
BOS,BOS,2010,D. Rivers (50-32),riverdo01c
BOS,BOS,2009,D. Rivers (62-20),riverdo01c
BOS,BOS,2008,D. Rivers (66-16),riverdo01c
BOS,BOS,2007,D. Rivers (24-58),riverdo01c
BOS,BOS,2006,D. Rivers (33-49),riverdo01c
BOS,BOS,2005,D. Rivers (45-37),riverdo01c
BOS,BOS,2004,"J. O'Brien (22-24), J. Carroll (14-22)",obrieji99c|carrojo99c
BOS,BOS,2003,J. O'Brien (44-38),obrieji99c
BOS,BOS,2002,J. O'Brien (49-33),obrieji99c
BOS,BOS,2001,"R. Pitino (12-22), J. O'Brien (24-24)",pitinri99c|obrieji99c
BOS,BOS,2000,R. Pitino (35-47),pitinri99c
BOS,BOS,1999,R. Pitino (19-31),pitinri99c
BOS,BOS,1998,R. Pitino (36-46),pitinri99c
BOS,BOS,1997,M. Carr (15-67),carrml01c
BOS,BOS,1996,M. Carr (33-49),carrml01c
BOS,BOS,1995,C. Ford (35-47),fordch01c
BOS,BOS,1994,C. Ford (32-50),fordch01c
BOS,BOS,1993,C. Ford (48-34),fordch01c
BOS,BOS,1992,C. Ford (51-31),fordch01c
BOS,BOS,1991,C. Ford (56-26),fordch01c
BOS,BOS,1990,J. Rodgers (52-30),rodgeji99c
BOS,BOS,1989,J. Rodgers (42-40),rodgeji99c
BOS,BOS,1988,K. Jones (57-25),joneskc01c
BOS,BOS,1987,K. Jones (59-23),joneskc01c
BOS,BOS,1986,K. Jones (67-15),joneskc01c
BOS,BOS,1985,K. Jones (63-19),joneskc01c
BOS,BOS,1984,K. Jones (62-20),joneskc01c
BOS,BOS,1983,B. Fitch (56-26),fitchbi99c
BOS,BOS,1982,B. Fitch (63-19),fitchbi99c
BOS,BOS,1981,B. Fitch (62-20),fitchbi99c
BOS,BOS,1980,B. Fitch (61-21),fitchbi99c
BOS,BOS,1979,"T. Sanders (2-12), D. Cowens (27-41)",sandeto01c|cowenda01c
BOS,BOS,1978,"T. Heinsohn (11-23), T. Sanders (21-27)",heinsto01c|sandeto01c
BOS,BOS,1977,T. Heinsohn (44-38),heinsto01c
BOS,BOS,1976,T. Heinsohn (54-28),heinsto01c
BOS,BOS,1975,T. Heinsohn (60-22),heinsto01c
BOS,BOS,1974,T. Heinsohn (56-26),heinsto01c
BOS,BOS,1973,T. Heinsohn (68-14),heinsto01c
BOS,BOS,1972,T. Heinsohn (56-26),heinsto01c
BOS,BOS,1971,T. Heinsohn (44-38),heinsto01c
BOS,BOS,1970,T. Heinsohn (34-48),heinsto01c
BOS,BOS,1969,B. Russell (48-34),russebi01c
BOS,BOS,1968,B. Russell (54-28),russebi01c
BOS,BOS,1967,B. Russell (60-21),russebi01c
BOS,BOS,1966,R. Auerbach (54-26),auerbre99c
BOS,BOS,1965,R. Auerbach (62-18),auerbre99c
BOS,BOS,1964,R. Auerbach (59-21),auerbre99c
BOS,BOS,1963,R. Auerbach (58-22),auerbre99c
BOS,BOS,1962,R. Auerbach (60-20),auerbre99c
BOS,BOS,1961,R. Auerbach (57-22),auerbre99c
BOS,BOS,1960,R. Auerbach (59-16),auerbre99c
BOS,BOS,1959,R. Auerbach (52-20),auerbre99c
BOS,BOS,1958,R. Auerbach (49-23),auerbre99c
BOS,BOS,1957,R. Auerbach (44-28),auerbre99c
BOS,BOS,1956,R. Auerbach (39-33),auerbre99c
BOS,BOS,1955,R. Auerbach (36-36),auerbre99c
BOS,BOS,1954,R. Auerbach (42-30),auerbre99c
BOS,BOS,1953,R. Auerbach (46-25),auerbre99c
BOS,BOS,1952,R. Auerbach (39-27),auerbre99c
BOS,BOS,1951,R. Auerbach (39-30),auerbre99c
BOS,BOS,1950,A. Julian (22-46),juliaal99c
BOS,BOS,1949,A. Julian (25-35),juliaal99c
BOS,BOS,1948,J. Russell (20-28),russejo99c
BOS,BOS,1947,J. Russell (22-38),russejo99c
NJNBRK,BRK,2018,K. Atkinson (11-16),atkinke01c
NJNBRK,BRK,2017,K. Atkinson (20-62),atkinke01c
NJNBRK,BRK,2016,"L. Hollins (10-27), T. Brown (11-34)",hollili01c|brownto01c
NJNBRK,BRK,2015,L. Hollins (38-44),hollili01c
NJNBRK,BRK,2014,J. Kidd (44-38),kiddja01c
NJNBRK,BRK,2013,"A. Johnson (14-14), P. Carlesimo (35-19)",johnsav01c|carlepj99c
NJNBRK,NJN,2012,A. Johnson (22-44),johnsav01c
NJNBRK,NJN,2011,A. Johnson (24-58),johnsav01c
NJNBRK,NJN,2010,"L. Frank (0-16), T. Barrise (0-2), K. Vandeweghe (12-52)",frankla99c|barrito99c|vandeki01c
NJNBRK,NJN,2009,L. Frank (34-48),frankla99c
NJNBRK,NJN,2008,L. Frank (34-48),frankla99c
NJNBRK,NJN,2007,L. Frank (41-41),frankla99c
NJNBRK,NJN,2006,L. Frank (49-33),frankla99c
NJNBRK,NJN,2005,L. Frank (42-40),frankla99c
NJNBRK,NJN,2004,"B. Scott (22-20), L. Frank (25-15)",scottby01c|frankla99c
NJNBRK,NJN,2003,B. Scott (49-33),scottby01c
NJNBRK,NJN,2002,B. Scott (52-30),scottby01c
NJNBRK,NJN,2001,B. Scott (26-56),scottby01c
NJNBRK,NJN,2000,D. Casey (31-51),caseybo99c
NJNBRK,NJN,1999,"J. Calipari (3-17), D. Casey (13-17)",calipjo99c|caseybo99c
NJNBRK,NJN,1998,J. Calipari (43-39),calipjo99c
NJNBRK,NJN,1997,J. Calipari (26-56),calipjo99c
NJNBRK,NJN,1996,B. Beard (30-52),beardbu01c
NJNBRK,NJN,1995,B. Beard (30-52),beardbu01c
NJNBRK,NJN,1994,C. Daly (45-37),dalych99c
NJNBRK,NJN,1993,C. Daly (43-39),dalych99c
NJNBRK,NJN,1992,B. Fitch (40-42),fitchbi99c
NJNBRK,NJN,1991,B. Fitch (26-56),fitchbi99c
NJNBRK,NJN,1990,B. Fitch (17-65),fitchbi99c
NJNBRK,NJN,1989,W. Reed (26-56),reedwi01c
NJNBRK,NJN,1988,"D. Wohl (2-13), B. MacKinnon (10-29), W. Reed (7-21)",wohlda01c|mackibo99c|reedwi01c
NJNBRK,NJN,1987,D. Wohl (24-58),wohlda01c
NJNBRK,NJN,1986,D. Wohl (39-43),wohlda01c
NJNBRK,NJN,1985,S. Albeck (42-40),albecst99c
NJNBRK,NJN,1984,S. Albeck (45-37),albecst99c
NJNBRK,NJN,1983,"L. Brown (47-29), B. Blair (2-4)",brownla01c|blairbi99c
NJNBRK,NJN,1982,L. Brown (44-38),brownla01c
NJNBRK,NJN,1981,"K. Loughery (12-23), B. MacKinnon (12-35)",loughke01c|mackibo99c
NJNBRK,NJN,1980,K. Loughery (34-48),loughke01c
NJNBRK,NJN,1979,K. Loughery (37-45),loughke01c
NJNBRK,NJN,1978,K. Loughery (24-58),loughke01c
NJNBRK,NJN,1977,K. Loughery (22-60),loughke01c
NJNBRK,NJN,1976,K. Loughery (55-29),loughke01c
NJNBRK,NJN,1975,K. Loughery (58-26),loughke01c
NJNBRK,NJN,1974,K. Loughery (55-29),loughke01c
NJNBRK,NJN,1973,L. Carnesecca (30-54),carnelo99c
NJNBRK,NJN,1972,L. Carnesecca (44-40),carnelo99c
NJNBRK,NJN,1971,L. Carnesecca (40-44),carnelo99c
NJNBRK,NJN,1970,Y. Larese (39-45),laresyo01c
NJNBRK,NJN,1969,M. Zaslofsky (17-61),zasloma01c
NJNBRK,NJN,1968,M. Zaslofsky (36-42),zasloma01c
CHI,CHI,2018,F. Hoiberg (7-20),hoibefr99c
CHI,CHI,2017,F. Hoiberg (41-41),hoibefr99c
CHI,CHI,2016,F. Hoiberg (42-40),hoibefr99c
CHI,CHI,2015,T. Thibodeau (50-32),thiboto99c
CHI,CHI,2014,T. Thibodeau (48-34),thiboto99c
CHI,CHI,2013,T. Thibodeau (45-37),thiboto99c
CHI,CHI,2012,T. Thibodeau (50-16),thiboto99c
CHI,CHI,2011,T. Thibodeau (62-20),thiboto99c
CHI,CHI,2010,V. Del Negro (41-41),delnevi01c
CHI,CHI,2009,V. Del Negro (41-41),delnevi01c
CHI,CHI,2008,"S. Skiles (9-16), P. Myers (0-1), J. Boylan (24-32)",skilesc01c|myerspe01c|boylaji99c
CHI,CHI,2007,S. Skiles (49-33),skilesc01c
CHI,CHI,2006,S. Skiles (41-41),skilesc01c
CHI,CHI,2005,S. Skiles (47-35),skilesc01c
CHI,CHI,2004,"B. Cartwright (4-10), P. Myers (0-2), S. Skiles (19-47)",cartwbi01c|myerspe01c|skilesc01c
CHI,CHI,2003,B. Cartwright (30-52),cartwbi01c
CHI,CHI,2002,"T. Floyd (4-21), B. Berry (0-2), B. Cartwright (17-38)",floydti99c|berrybi99c|cartwbi01c
CHI,CHI,2001,T. Floyd (15-67),floydti99c
CHI,CHI,2000,T. Floyd (17-65),floydti99c
CHI,CHI,1999,T. Floyd (13-37),floydti99c
CHI,CHI,1998,P. Jackson (62-20),jacksph01c
CHI,CHI,1997,P. Jackson (69-13),jacksph01c
CHI,CHI,1996,P. Jackson (72-10),jacksph01c
CHI,CHI,1995,P. Jackson (47-35),jacksph01c
CHI,CHI,1994,P. Jackson (55-27),jacksph01c
CHI,CHI,1993,P. Jackson (57-25),jacksph01c
CHI,CHI,1992,P. Jackson (67-15),jacksph01c
CHI,CHI,1991,P. Jackson (61-21),jacksph01c
CHI,CHI,1990,P. Jackson (55-27),jacksph01c
CHI,CHI,1989,D. Collins (47-35),collido01c
CHI,CHI,1988,D. Collins (50-32),collido01c
CHI,CHI,1987,D. Collins (40-42),collido01c
CHI,CHI,1986,S. Albeck (30-52),albecst99c
CHI,CHI,1985,K. Loughery (38-44),loughke01c
CHI,CHI,1984,K. Loughery (27-55),loughke01c
CHI,CHI,1983,P. Westhead (28-54),westhpa99c
CHI,CHI,1982,"J. Sloan (19-32), P. Johnson (0-1), R. Thorn (15-15)",sloanje01c|johnsph99c|thornro01c
CHI,CHI,1981,J. Sloan (45-37),sloanje01c
CHI,CHI,1980,J. Sloan (30-52),sloanje01c
CHI,CHI,1979,"L. Costello (20-36), S. Robertson (11-15)",costela01c|robersc99c
CHI,CHI,1978,E. Badger (40-42),badgeed99c
CHI,CHI,1977,E. Badger (44-38),badgeed99c
CHI,CHI,1976,D. Motta (24-58),mottadi99c
CHI,CHI,1975,D. Motta (47-35),mottadi99c
CHI,CHI,1974,D. Motta (54-28),mottadi99c
CHI,CHI,1973,D. Motta (51-31),mottadi99c
CHI,CHI,1972,D. Motta (57-25),mottadi99c
CHI,CHI,1971,D. Motta (51-31),mottadi99c
CHI,CHI,1970,D. Motta (39-43),mottadi99c
CHI,CHI,1969,D. Motta (33-49),mottadi99c
CHI,CHI,1968,R. Kerr (29-53),kerrre01c
CHI,CHI,1967,R. Kerr (33-48),kerrre01c
CHARBH,CHO,2018,S. Clifford (10-17),cliffst99c
CHARBH,CHO,2017,S. Clifford (36-46),cliffst99c
CHARBH,CHO,2016,S. Clifford (48-34),cliffst99c
CHARBH,CHO,2015,S. Clifford (33-49),cliffst99c
CHARBH,CHA,2014,S. Clifford (43-39),cliffst99c
CHARBH,CHA,2013,M. Dunlap (21-61),dunlami99c
CHARBH,CHA,2012,P. Silas (7-59),silaspa01c
CHARBH,CHA,2011,"L. Brown (9-19), P. Silas (25-29)",brownla01c|silaspa01c
CHARBH,CHA,2010,L. Brown (44-38),brownla01c
CHARBH,CHA,2009,L. Brown (35-47),brownla01c
CHARBH,CHA,2008,S. Vincent (32-50),vincesa01c
CHARBH,CHA,2007,B. Bickerstaff (33-49),bickebe99c
CHARBH,CHA,2006,B. Bickerstaff (26-56),bickebe99c
CHARBH,CHA,2005,B. Bickerstaff (18-64),bickebe99c
NORLHP,CHH,2002,P. Silas (44-38),silaspa01c
NORLHP,CHH,2001,P. Silas (46-36),silaspa01c
NORLHP,CHH,2000,P. Silas (49-33),silaspa01c
NORLHP,CHH,1999,"D. Cowens (4-11), P. Silas (22-13)",cowenda01c|silaspa01c
NORLHP,CHH,1998,D. Cowens (51-31),cowenda01c
NORLHP,CHH,1997,D. Cowens (54-28),cowenda01c
NORLHP,CHH,1996,A. Bristow (41-41),bristal01c
NORLHP,CHH,1995,A. Bristow (50-32),bristal01c
NORLHP,CHH,1994,A. Bristow (41-41),bristal01c
NORLHP,CHH,1993,A. Bristow (44-38),bristal01c
NORLHP,CHH,1992,A. Bristow (31-51),bristal01c
NORLHP,CHH,1991,G. Littles (26-56),littlge01c
NORLHP,CHH,1990,"D. Harter (8-32), G. Littles (11-31)",hartedi99c|littlge01c
NORLHP,CHH,1989,D. Harter (20-62),hartedi99c
CLE,CLE,2018,T. Lue (21-8),luety01c
CLE,CLE,2017,T. Lue (51-31),luety01c
CLE,CLE,2016,"D. Blatt (30-11), T. Lue (27-14)",blattda99c|luety01c
CLE,CLE,2015,D. Blatt (53-29),blattda99c
CLE,CLE,2014,M. Brown (33-49),brownmi99c
CLE,CLE,2013,B. Scott (24-58),scottby01c
CLE,CLE,2012,B. Scott (21-45),scottby01c
CLE,CLE,2011,B. Scott (19-63),scottby01c
CLE,CLE,2010,M. Brown (61-21),brownmi99c
CLE,CLE,2009,M. Brown (66-16),brownmi99c
CLE,CLE,2008,M. Brown (45-37),brownmi99c
CLE,CLE,2007,M. Brown (50-32),brownmi99c
CLE,CLE,2006,M. Brown (50-32),brownmi99c
CLE,CLE,2005,"P. Silas (34-30), B. Malone (8-10)",silaspa01c|malonbr99c
CLE,CLE,2004,P. Silas (35-47),silaspa01c
CLE,CLE,2003,"J. Lucas (8-34), K. Smart (9-31)",lucasjo01c|smartke01c
CLE,CLE,2002,J. Lucas (29-53),lucasjo01c
CLE,CLE,2001,R. Wittman (30-52),wittmra01c
CLE,CLE,2000,R. Wittman (32-50),wittmra01c
CLE,CLE,1999,M. Fratello (22-28),fratemi99c
CLE,CLE,1998,M. Fratello (47-35),fratemi99c
CLE,CLE,1997,M. Fratello (42-40),fratemi99c
CLE,CLE,1996,M. Fratello (47-35),fratemi99c
CLE,CLE,1995,M. Fratello (43-39),fratemi99c
CLE,CLE,1994,M. Fratello (47-35),fratemi99c
CLE,CLE,1993,L. Wilkens (54-28),wilkele01c
CLE,CLE,1992,L. Wilkens (57-25),wilkele01c
CLE,CLE,1991,L. Wilkens (33-49),wilkele01c
CLE,CLE,1990,L. Wilkens (42-40),wilkele01c
CLE,CLE,1989,L. Wilkens (57-25),wilkele01c
CLE,CLE,1988,L. Wilkens (42-40),wilkele01c
CLE,CLE,1987,L. Wilkens (31-51),wilkele01c
CLE,CLE,1986,"G. Karl (25-42), G. Littles (4-11)",karlge01c|littlge01c
CLE,CLE,1985,G. Karl (36-46),karlge01c
CLE,CLE,1984,T. Nissalke (28-54),nissato99c
CLE,CLE,1983,T. Nissalke (23-59),nissato99c
CLE,CLE,1982,"D. Delaney (4-11), B. Kloppenburg (0-3), C. Daly (9-32), B. Musselman (2-21)",delando99c|kloppbo99c|dalych99c|mussebi99c
CLE,CLE,1981,"B. Musselman (25-46), D. Delaney (3-8)",mussebi99c|delando99c
CLE,CLE,1980,S. Albeck (37-45),albecst99c
CLE,CLE,1979,B. Fitch (30-52),fitchbi99c
CLE,CLE,1978,B. Fitch (43-39),fitchbi99c
CLE,CLE,1977,B. Fitch (43-39),fitchbi99c
CLE,CLE,1976,B. Fitch (49-33),fitchbi99c
CLE,CLE,1975,B. Fitch (40-42),fitchbi99c
CLE,CLE,1974,B. Fitch (29-53),fitchbi99c
CLE,CLE,1973,B. Fitch (32-50),fitchbi99c
CLE,CLE,1972,B. Fitch (23-59),fitchbi99c
CLE,CLE,1971,B. Fitch (15-67),fitchbi99c
DAL,DAL,2018,R. Carlisle (8-21),carliri01c
DAL,DAL,2017,R. Carlisle (33-49),carliri01c
DAL,DAL,2016,R. Carlisle (42-40),carliri01c
DAL,DAL,2015,R. Carlisle (50-32),carliri01c
DAL,DAL,2014,R. Carlisle (49-33),carliri01c
DAL,DAL,2013,R. Carlisle (41-41),carliri01c
DAL,DAL,2012,R. Carlisle (36-30),carliri01c
DAL,DAL,2011,R. Carlisle (57-25),carliri01c
DAL,DAL,2010,R. Carlisle (55-27),carliri01c
DAL,DAL,2009,R. Carlisle (50-32),carliri01c
DAL,DAL,2008,A. Johnson (51-31),johnsav01c
DAL,DAL,2007,A. Johnson (67-15),johnsav01c
DAL,DAL,2006,A. Johnson (60-22),johnsav01c
DAL,DAL,2005,"D. Nelson (42-22), A. Johnson (16-2)",nelsodo01c|johnsav01c
DAL,DAL,2004,D. Nelson (52-30),nelsodo01c
DAL,DAL,2003,D. Nelson (60-22),nelsodo01c
DAL,DAL,2002,D. Nelson (57-25),nelsodo01c
DAL,DAL,2001,D. Nelson (53-29),nelsodo01c
DAL,DAL,2000,D. Nelson (40-42),nelsodo01c
DAL,DAL,1999,D. Nelson (19-31),nelsodo01c
DAL,DAL,1998,"J. Cleamons (4-12), D. Nelson (16-50)",cleamji01c|nelsodo01c
DAL,DAL,1997,J. Cleamons (24-58),cleamji01c
DAL,DAL,1996,D. Motta (26-56),mottadi99c
DAL,DAL,1995,D. Motta (36-46),mottadi99c
DAL,DAL,1994,Q. Buckner (13-69),bucknqu01c
DAL,DAL,1993,"R. Adubato (2-27), G. Heard (9-44)",adubari99c|heardga01c
DAL,DAL,1992,R. Adubato (22-60),adubari99c
DAL,DAL,1991,R. Adubato (28-54),adubari99c
DAL,DAL,1990,"J. MacLeod (5-6), R. Adubato (42-29)",maclejo99c|adubari99c
DAL,DAL,1989,J. MacLeod (38-44),maclejo99c
DAL,DAL,1988,J. MacLeod (53-29),maclejo99c
DAL,DAL,1987,D. Motta (55-27),mottadi99c
DAL,DAL,1986,D. Motta (44-38),mottadi99c
DAL,DAL,1985,D. Motta (44-38),mottadi99c
DAL,DAL,1984,D. Motta (43-39),mottadi99c
DAL,DAL,1983,D. Motta (38-44),mottadi99c
DAL,DAL,1982,D. Motta (28-54),mottadi99c
DAL,DAL,1981,D. Motta (15-67),mottadi99c
DEN,DEN,2018,M. Malone (15-13),malonmi99c
DEN,DEN,2017,M. Malone (40-42),malonmi99c
DEN,DEN,2016,M. Malone (33-49),malonmi99c
DEN,DEN,2015,"B. Shaw (20-39), M. Hunt (10-13)",shawbr01c|huntme01c
DEN,DEN,2014,B. Shaw (36-46),shawbr01c
DEN,DEN,2013,G. Karl (57-25),karlge01c
DEN,DEN,2012,G. Karl (38-28),karlge01c
DEN,DEN,2011,G. Karl (50-32),karlge01c
DEN,DEN,2010,G. Karl (53-29),karlge01c
DEN,DEN,2009,G. Karl (54-28),karlge01c
DEN,DEN,2008,G. Karl (50-32),karlge01c
DEN,DEN,2007,G. Karl (45-37),karlge01c
DEN,DEN,2006,G. Karl (44-38),karlge01c
DEN,DEN,2005,"J. Bzdelik (13-15), M. Cooper (4-10), G. Karl (32-8)",bzdelje99c|coopemi01c|karlge01c
DEN,DEN,2004,J. Bzdelik (43-39),bzdelje99c
DEN,DEN,2003,J. Bzdelik (17-65),bzdelje99c
DEN,DEN,2002,"D. Issel (9-17), M. Evans (18-38)",isselda01c|evansmi01c
DEN,DEN,2001,D. Issel (40-42),isselda01c
DEN,DEN,2000,D. Issel (35-47),isselda01c
DEN,DEN,1999,M. D'Antoni (14-36),dantomi01c
DEN,DEN,1998,B. Hanzlik (11-71),hanzlbi01c
DEN,DEN,1997,"B. Bickerstaff (4-9), D. Motta (17-52)",bickebe99c|mottadi99c
DEN,DEN,1996,B. Bickerstaff (35-47),bickebe99c
DEN,DEN,1995,"D. Issel (18-16), G. Littles (3-13), B. Bickerstaff (20-12)",isselda01c|littlge01c|bickebe99c
DEN,DEN,1994,D. Issel (42-40),isselda01c
DEN,DEN,1993,D. Issel (36-46),isselda01c
DEN,DEN,1992,P. Westhead (24-58),westhpa99c
DEN,DEN,1991,P. Westhead (20-62),westhpa99c
DEN,DEN,1990,D. Moe (43-39),moedo01c
DEN,DEN,1989,D. Moe (44-38),moedo01c
DEN,DEN,1988,D. Moe (54-28),moedo01c
DEN,DEN,1987,D. Moe (37-45),moedo01c
DEN,DEN,1986,D. Moe (47-35),moedo01c
DEN,DEN,1985,D. Moe (52-30),moedo01c
DEN,DEN,1984,D. Moe (38-44),moedo01c
DEN,DEN,1983,D. Moe (45-37),moedo01c
DEN,DEN,1982,D. Moe (46-36),moedo01c
DEN,DEN,1981,"D. Walsh (11-20), D. Moe (26-25)",walshdo99c|moedo01c
DEN,DEN,1980,D. Walsh (30-52),walshdo99c
DEN,DEN,1979,"L. Brown (28-25), D. Walsh (19-10)",brownla01c|walshdo99c
DEN,DEN,1978,L. Brown (48-34),brownla01c
DEN,DEN,1977,L. Brown (50-32),brownla01c
DEN,DEN,1976,L. Brown (60-24),brownla01c
DEN,DEN,1975,L. Brown (65-19),brownla01c
DEN,DEN,1974,A. Hannum (37-47),hannual01c
DEN,DEN,1973,A. Hannum (47-37),hannual01c
DEN,DEN,1972,A. Hannum (34-50),hannual01c
DEN,DEN,1971,"J. Belmont (3-10), S. Albeck (27-44)",belmojo99c|albecst99c
DEN,DEN,1970,"J. McLendon (9-19), J. Belmont (42-14)",mclenjo99c|belmojo99c
DEN,DEN,1969,B. Bass (44-34),bassbo99c
DEN,DEN,1968,B. Bass (45-33),bassbo99c
DET,DET,2018,S. Van Gundy (15-13),vangust99c
DET,DET,2017,S. Van Gundy (37-45),vangust99c
DET,DET,2016,S. Van Gundy (44-38),vangust99c
DET,DET,2015,S. Van Gundy (32-50),vangust99c
DET,DET,2014,"M. Cheeks (21-29), J. Loyer (8-24)",cheekma01c|loyerjo99c
DET,DET,2013,L. Frank (29-53),frankla99c
DET,DET,2012,L. Frank (25-41),frankla99c
DET,DET,2011,J. Kuester (30-52),kuestjo01c
DET,DET,2010,J. Kuester (27-55),kuestjo01c
DET,DET,2009,M. Curry (39-43),currymi01c
DET,DET,2008,F. Saunders (59-23),saundfl99c
DET,DET,2007,F. Saunders (53-29),saundfl99c
DET,DET,2006,F. Saunders (64-18),saundfl99c
DET,DET,2005,L. Brown (54-28),brownla01c
DET,DET,2004,L. Brown (54-28),brownla01c
DET,DET,2003,R. Carlisle (50-32),carliri01c
DET,DET,2002,R. Carlisle (50-32),carliri01c
DET,DET,2001,G. Irvine (32-50),irvinge01c
DET,DET,2000,"A. Gentry (28-30), G. Irvine (14-10)",gentral99c|irvinge01c
DET,DET,1999,A. Gentry (29-21),gentral99c
DET,DET,1998,"D. Collins (21-24), A. Gentry (16-21)",collido01c|gentral99c
DET,DET,1997,D. Collins (54-28),collido01c
DET,DET,1996,D. Collins (46-36),collido01c
DET,DET,1995,D. Chaney (28-54),chanedo01c
DET,DET,1994,D. Chaney (20-62),chanedo01c
DET,DET,1993,R. Rothstein (40-42),rothsro99c
DET,DET,1992,C. Daly (48-34),dalych99c
DET,DET,1991,C. Daly (50-32),dalych99c
DET,DET,1990,C. Daly (59-23),dalych99c
DET,DET,1989,C. Daly (63-19),dalych99c
DET,DET,1988,C. Daly (54-28),dalych99c
DET,DET,1987,C. Daly (52-30),dalych99c
DET,DET,1986,C. Daly (46-36),dalych99c
DET,DET,1985,C. Daly (46-36),dalych99c
DET,DET,1984,C. Daly (49-33),dalych99c
DET,DET,1983,S. Robertson (37-45),robersc99c
DET,DET,1982,S. Robertson (39-43),robersc99c
DET,DET,1981,S. Robertson (21-61),robersc99c
DET,DET,1980,"D. Vitale (4-8), R. Adubato (12-58)",vitaldi99c|adubari99c
DET,DET,1979,D. Vitale (30-52),vitaldi99c
DET,DET,1978,"H. Brown (9-15), B. Kauffman (29-29)",brownhe99c|kauffbo01c
DET,DET,1977,H. Brown (44-38),brownhe99c
DET,DET,1976,"R. Scott (17-25), H. Brown (19-21)",scottra01c|brownhe99c
DET,DET,1975,R. Scott (40-42),scottra01c
DET,DET,1974,R. Scott (52-30),scottra01c
DET,DET,1973,"E. Lloyd (2-5), R. Scott (38-37)",lloydea01c|scottra01c
DET,DET,1972,"B. Van Breda Kolff (6-4), T. Dischinger (0-2), E. Lloyd (20-50)",vanbrbu01c|dischte01c|lloydea01c
DET,DET,1971,B. Van Breda Kolff (45-37),vanbrbu01c
DET,DET,1970,B. Van Breda Kolff (31-51),vanbrbu01c
DET,DET,1969,"D. Butcher (10-12), P. Seymour (22-38)",butchdo01c|seymopa01c
DET,DET,1968,D. Butcher (40-42),butchdo01c
DET,DET,1967,"D. DeBusschere (28-45), D. Butcher (2-6)",debusda01c|butchdo01c
DET,DET,1966,D. DeBusschere (22-58),debusda01c
DET,DET,1965,"C. Wolf (2-9), D. DeBusschere (29-40)",wolfch99c|debusda01c
DET,DET,1964,C. Wolf (23-57),wolfch99c
DET,DET,1963,D. McGuire (34-46),mcguidi01c
DET,DET,1962,D. McGuire (37-43),mcguidi01c
DET,DET,1961,D. McGuire (34-45),mcguidi01c
DET,DET,1960,"R. Rocha (13-21), D. McGuire (17-24)",rochare01c|mcguidi01c
DET,DET,1959,R. Rocha (28-44),rochare01c
DET,DET,1958,"C. Eckman (9-16), R. Rocha (24-23)",eckmach99c|rochare01c
DET,DET,1957,C. Eckman (34-38),eckmach99c
DET,DET,1956,C. Eckman (37-35),eckmach99c
DET,DET,1955,C. Eckman (43-29),eckmach99c
DET,DET,1954,P. Birch (40-32),birchpa99c
DET,DET,1953,P. Birch (36-33),birchpa99c
DET,DET,1952,P. Birch (29-37),birchpa99c
DET,DET,1951,M. Mendenhall (32-36),mendemu99c
DET,DET,1950,M. Mendenhall (40-28),mendemu99c
DET,DET,1949,"C. Bennett (0-6), C. Armstrong (22-32)",benneca99c|armstcu01c
GSW,GSW,2018,S. Kerr (23-6),kerrst01c
GSW,GSW,2017,S. Kerr (67-15),kerrst01c
GSW,GSW,2016,S. Kerr (73-9),kerrst01c
GSW,GSW,2015,S. Kerr (67-15),kerrst01c
GSW,GSW,2014,M. Jackson (51-31),jacksma01c
GSW,GSW,2013,M. Jackson (47-35),jacksma01c
GSW,GSW,2012,M. Jackson (23-43),jacksma01c
GSW,GSW,2011,K. Smart (36-46),smartke01c
GSW,GSW,2010,D. Nelson (26-56),nelsodo01c
GSW,GSW,2009,D. Nelson (29-53),nelsodo01c
GSW,GSW,2008,D. Nelson (48-34),nelsodo01c
GSW,GSW,2007,D. Nelson (42-40),nelsodo01c
GSW,GSW,2006,M. Montgomery (34-48),montgmi99c
GSW,GSW,2005,M. Montgomery (34-48),montgmi99c
GSW,GSW,2004,E. Musselman (37-45),musseer99c
GSW,GSW,2003,E. Musselman (38-44),musseer99c
GSW,GSW,2002,"D. Cowens (8-15), B. Winters (13-46)",cowenda01c|wintebr01c
GSW,GSW,2001,D. Cowens (17-65),cowenda01c
GSW,GSW,2000,"P. Carlesimo (6-21), G. St. Jean (13-42)",carlepj99c|stjeaga99c
GSW,GSW,1999,P. Carlesimo (21-29),carlepj99c
GSW,GSW,1998,P. Carlesimo (19-63),carlepj99c
GSW,GSW,1997,R. Adelman (30-52),adelmri01c
GSW,GSW,1996,R. Adelman (36-46),adelmri01c
GSW,GSW,1995,"D. Nelson (14-31), B. Lanier (12-25)",nelsodo01c|laniebo01c
GSW,GSW,1994,D. Nelson (50-32),nelsodo01c
GSW,GSW,1993,D. Nelson (34-48),nelsodo01c
GSW,GSW,1992,D. Nelson (55-27),nelsodo01c
GSW,GSW,1991,D. Nelson (44-38),nelsodo01c
GSW,GSW,1990,D. Nelson (37-45),nelsodo01c
GSW,GSW,1989,D. Nelson (43-39),nelsodo01c
GSW,GSW,1988,"G. Karl (16-48), E. Gregory (4-14)",karlge01c|gregoed99c
GSW,GSW,1987,G. Karl (42-40),karlge01c
GSW,GSW,1986,J. Bach (30-52),bachjo01c
GSW,GSW,1985,J. Bach (22-60),bachjo01c
GSW,GSW,1984,J. Bach (37-45),bachjo01c
GSW,GSW,1983,A. Attles (30-52),attleal01c
GSW,GSW,1982,A. Attles (45-37),attleal01c
GSW,GSW,1981,A. Attles (39-43),attleal01c
GSW,GSW,1980,"A. Attles (18-43), J. Bach (6-15)",attleal01c|bachjo01c
GSW,GSW,1979,A. Attles (38-44),attleal01c
GSW,GSW,1978,A. Attles (43-39),attleal01c
GSW,GSW,1977,A. Attles (46-36),attleal01c
GSW,GSW,1976,A. Attles (59-23),attleal01c
GSW,GSW,1975,A. Attles (48-34),attleal01c
GSW,GSW,1974,A. Attles (44-38),attleal01c
GSW,GSW,1973,A. Attles (47-35),attleal01c
GSW,GSW,1972,A. Attles (51-31),attleal01c
GSW,GSW,1971,A. Attles (41-41),attleal01c
GSW,GSW,1970,"G. Lee (22-30), A. Attles (8-22)",leege01c|attleal01c
GSW,GSW,1969,G. Lee (41-41),leege01c
GSW,GSW,1968,B. Sharman (43-39),sharmbi01c
GSW,GSW,1967,B. Sharman (44-37),sharmbi01c
GSW,GSW,1966,A. Hannum (35-45),hannual01c
GSW,GSW,1965,A. Hannum (17-63),hannual01c
GSW,GSW,1964,A. Hannum (48-32),hannual01c
GSW,GSW,1963,B. Feerick (31-49),feeribo01c
GSW,GSW,1962,F. McGuire (49-31),mcguifr99c
GSW,GSW,1961,N. Johnston (46-33),johnsne01c
GSW,GSW,1960,N. Johnston (49-26),johnsne01c
GSW,GSW,1959,A. Cervi (32-40),cervial01c
GSW,GSW,1958,G. Senesky (37-35),senesge01c
GSW,GSW,1957,G. Senesky (37-35),senesge01c
GSW,GSW,1956,G. Senesky (45-27),senesge01c
GSW,GSW,1955,E. Gottlieb (33-39),gottled99c
GSW,GSW,1954,E. Gottlieb (29-43),gottled99c
GSW,GSW,1953,E. Gottlieb (12-57),gottled99c
GSW,GSW,1952,E. Gottlieb (33-33),gottled99c
GSW,GSW,1951,E. Gottlieb (40-26),gottled99c
GSW,GSW,1950,E. Gottlieb (26-42),gottled99c
GSW,GSW,1949,E. Gottlieb (28-32),gottled99c
GSW,GSW,1948,E. Gottlieb (27-21),gottled99c
GSW,GSW,1947,E. Gottlieb (35-25),gottled99c
HOU,HOU,2018,M. D'Antoni (22-4),dantomi01c
HOU,HOU,2017,M. D'Antoni (55-27),dantomi01c
HOU,HOU,2016,"K. McHale (4-7), J. Bickerstaff (37-34)",mchalke01c|bickejb01c
HOU,HOU,2015,K. McHale (56-26),mchalke01c
HOU,HOU,2014,K. McHale (54-28),mchalke01c
HOU,HOU,2013,K. McHale (45-37),mchalke01c
HOU,HOU,2012,K. McHale (34-32),mchalke01c
HOU,HOU,2011,R. Adelman (43-39),adelmri01c
HOU,HOU,2010,R. Adelman (42-40),adelmri01c
HOU,HOU,2009,R. Adelman (53-29),adelmri01c
HOU,HOU,2008,R. Adelman (55-27),adelmri01c
HOU,HOU,2007,J. Van Gundy (52-30),vanguje99c
HOU,HOU,2006,J. Van Gundy (34-48),vanguje99c
HOU,HOU,2005,J. Van Gundy (51-31),vanguje99c
HOU,HOU,2004,J. Van Gundy (45-37),vanguje99c
HOU,HOU,2003,R. Tomjanovich (43-39),tomjaru01c
HOU,HOU,2002,R. Tomjanovich (28-54),tomjaru01c
HOU,HOU,2001,R. Tomjanovich (45-37),tomjaru01c
HOU,HOU,2000,R. Tomjanovich (34-48),tomjaru01c
HOU,HOU,1999,R. Tomjanovich (31-19),tomjaru01c
HOU,HOU,1998,R. Tomjanovich (41-41),tomjaru01c
HOU,HOU,1997,R. Tomjanovich (57-25),tomjaru01c
HOU,HOU,1996,R. Tomjanovich (48-34),tomjaru01c
HOU,HOU,1995,R. Tomjanovich (47-35),tomjaru01c
HOU,HOU,1994,R. Tomjanovich (58-24),tomjaru01c
HOU,HOU,1993,R. Tomjanovich (55-27),tomjaru01c
HOU,HOU,1992,"D. Chaney (26-26), R. Tomjanovich (16-14)",chanedo01c|tomjaru01c
HOU,HOU,1991,D. Chaney (52-30),chanedo01c
HOU,HOU,1990,D. Chaney (41-41),chanedo01c
HOU,HOU,1989,D. Chaney (45-37),chanedo01c
HOU,HOU,1988,B. Fitch (46-36),fitchbi99c
HOU,HOU,1987,B. Fitch (42-40),fitchbi99c
HOU,HOU,1986,B. Fitch (51-31),fitchbi99c
HOU,HOU,1985,B. Fitch (48-34),fitchbi99c
HOU,HOU,1984,B. Fitch (29-53),fitchbi99c
HOU,HOU,1983,D. Harris (14-68),harride99c
HOU,HOU,1982,D. Harris (46-36),harride99c
HOU,HOU,1981,D. Harris (40-42),harride99c
HOU,HOU,1980,D. Harris (41-41),harride99c
HOU,HOU,1979,T. Nissalke (47-35),nissato99c
HOU,HOU,1978,T. Nissalke (28-54),nissato99c
HOU,HOU,1977,T. Nissalke (49-33),nissato99c
HOU,HOU,1976,J. Egan (40-42),eganjo01c
HOU,HOU,1975,J. Egan (41-41),eganjo01c
HOU,HOU,1974,J. Egan (32-50),eganjo01c
HOU,HOU,1973,"T. Winter (17-30), J. Egan (16-19)",wintete99c|eganjo01c
HOU,HOU,1972,T. Winter (34-48),wintete99c
HOU,HOU,1971,A. Hannum (40-42),hannual01c
HOU,HOU,1970,"J. McMahon (9-17), A. Hannum (18-38)",mcmahja01c|hannual01c
HOU,HOU,1969,J. McMahon (37-45),mcmahja01c
HOU,HOU,1968,J. McMahon (15-67),mcmahja01c
IND,IND,2018,N. McMillan (16-12),mcmilna01c
IND,IND,2017,N. McMillan (42-40),mcmilna01c
IND,IND,2016,F. Vogel (45-37),vogelfr99c
IND,IND,2015,F. Vogel (38-44),vogelfr99c
IND,IND,2014,F. Vogel (56-26),vogelfr99c
IND,IND,2013,F. Vogel (49-32),vogelfr99c
IND,IND,2012,F. Vogel (42-24),vogelfr99c
IND,IND,2011,"J. O'Brien (17-27), F. Vogel (20-18)",obrieji99c|vogelfr99c
IND,IND,2010,J. O'Brien (32-50),obrieji99c
IND,IND,2009,J. O'Brien (36-46),obrieji99c
IND,IND,2008,J. O'Brien (36-46),obrieji99c
IND,IND,2007,R. Carlisle (35-47),carliri01c
IND,IND,2006,R. Carlisle (41-41),carliri01c
IND,IND,2005,R. Carlisle (44-38),carliri01c
IND,IND,2004,R. Carlisle (61-21),carliri01c
IND,IND,2003,I. Thomas (48-34),thomais01c
IND,IND,2002,I. Thomas (42-40),thomais01c
IND,IND,2001,I. Thomas (41-41),thomais01c
IND,IND,2000,L. Bird (56-26),birdla01c
IND,IND,1999,L. Bird (33-17),birdla01c
IND,IND,1998,L. Bird (58-24),birdla01c
IND,IND,1997,L. Brown (39-43),brownla01c
IND,IND,1996,L. Brown (52-30),brownla01c
IND,IND,1995,L. Brown (52-30),brownla01c
IND,IND,1994,L. Brown (47-35),brownla01c
IND,IND,1993,B. Hill (41-41),hillbo99c
IND,IND,1992,B. Hill (40-42),hillbo99c
IND,IND,1991,"D. Versace (9-16), B. Hill (32-25)",versadi99c|hillbo99c
IND,IND,1990,D. Versace (42-40),versadi99c
IND,IND,1989,"J. Ramsay (0-7), M. Daniels (0-2), G. Irvine (6-14), D. Versace (22-31)",ramsaja99c|danieme01c|irvinge01c|versadi99c
IND,IND,1988,J. Ramsay (38-44),ramsaja99c
IND,IND,1987,J. Ramsay (41-41),ramsaja99c
IND,IND,1986,G. Irvine (26-56),irvinge01c
IND,IND,1985,G. Irvine (22-60),irvinge01c
IND,IND,1984,J. McKinney (26-56),mckinja99c
IND,IND,1983,J. McKinney (20-62),mckinja99c
IND,IND,1982,J. McKinney (35-47),mckinja99c
IND,IND,1981,J. McKinney (44-38),mckinja99c
IND,IND,1980,S. Leonard (37-45),leonasl01c
IND,IND,1979,S. Leonard (38-44),leonasl01c
IND,IND,1978,S. Leonard (31-51),leonasl01c
IND,IND,1977,S. Leonard (36-46),leonasl01c
IND,IND,1976,S. Leonard (39-45),leonasl01c
IND,IND,1975,S. Leonard (45-39),leonasl01c
IND,IND,1974,S. Leonard (46-38),leonasl01c
IND,IND,1973,S. Leonard (51-33),leonasl01c
IND,IND,1972,S. Leonard (47-37),leonasl01c
IND,IND,1971,S. Leonard (58-26),leonasl01c
IND,IND,1970,S. Leonard (59-25),leonasl01c
IND,IND,1969,"L. Staverman (2-7), S. Leonard (42-27)",stavela01c|leonasl01c
IND,IND,1968,L. Staverman (38-40),stavela01c
LAC,LAC,2018,D. Rivers (11-15),riverdo01c
LAC,LAC,2017,D. Rivers (51-31),riverdo01c
LAC,LAC,2016,D. Rivers (53-29),riverdo01c
LAC,LAC,2015,D. Rivers (56-26),riverdo01c
LAC,LAC,2014,D. Rivers (57-25),riverdo01c
LAC,LAC,2013,V. Del Negro (56-26),delnevi01c
LAC,LAC,2012,V. Del Negro (40-26),delnevi01c
LAC,LAC,2011,V. Del Negro (32-50),delnevi01c
LAC,LAC,2010,"M. Dunleavy (21-28), K. Hughes (8-25)",dunlemi01c|hugheki01c
LAC,LAC,2009,M. Dunleavy (19-63),dunlemi01c
LAC,LAC,2008,M. Dunleavy (23-59),dunlemi01c
LAC,LAC,2007,M. Dunleavy (40-42),dunlemi01c
LAC,LAC,2006,M. Dunleavy (47-35),dunlemi01c
LAC,LAC,2005,M. Dunleavy (37-45),dunlemi01c
LAC,LAC,2004,M. Dunleavy (28-54),dunlemi01c
LAC,LAC,2003,"A. Gentry (19-39), D. Johnson (8-16)",gentral99c|johnsde01c
LAC,LAC,2002,A. Gentry (39-43),gentral99c
LAC,LAC,2001,A. Gentry (31-51),gentral99c
LAC,LAC,2000,"C. Ford (11-34), J. Todd (4-33)",fordch01c|toddji99c
LAC,LAC,1999,C. Ford (9-41),fordch01c
LAC,LAC,1998,B. Fitch (17-65),fitchbi99c
LAC,LAC,1997,B. Fitch (36-46),fitchbi99c
LAC,LAC,1996,B. Fitch (29-53),fitchbi99c
LAC,LAC,1995,B. Fitch (17-65),fitchbi99c
LAC,LAC,1994,B. Weiss (27-55),weissbo01c
LAC,LAC,1993,L. Brown (41-41),brownla01c
LAC,LAC,1992,"M. Schuler (21-24), M. Calvin (1-1), L. Brown (23-12)",schulmi99c|calvima01c|brownla01c
LAC,LAC,1991,M. Schuler (31-51),schulmi99c
LAC,LAC,1990,D. Casey (30-52),caseybo99c
LAC,LAC,1989,"G. Shue (10-28), D. Casey (11-33)",shuege01c|caseybo99c
LAC,LAC,1988,G. Shue (17-65),shuege01c
LAC,LAC,1987,D. Chaney (12-70),chanedo01c
LAC,LAC,1986,D. Chaney (32-50),chanedo01c
LAC,LAC,1985,"J. Lynam (22-39), D. Chaney (9-12)",lynamji99c|chanedo01c
LAC,LAC,1984,J. Lynam (30-52),lynamji99c
LAC,LAC,1983,P. Silas (25-57),silaspa01c
LAC,LAC,1982,P. Silas (17-65),silaspa01c
LAC,LAC,1981,P. Silas (36-46),silaspa01c
LAC,LAC,1980,G. Shue (35-47),shuege01c
LAC,LAC,1979,G. Shue (43-39),shuege01c
LAC,LAC,1978,C. Fitzsimmons (27-55),fitzsco99c
LAC,LAC,1977,"T. Locke (16-30), B. MacKinnon (3-4), J. Mullaney (11-18)",locketa99c|mackibo99c|mullajo01c
LAC,LAC,1976,J. Ramsay (46-36),ramsaja99c
LAC,LAC,1975,J. Ramsay (49-33),ramsaja99c
LAC,LAC,1974,J. Ramsay (42-40),ramsaja99c
LAC,LAC,1973,J. Ramsay (21-61),ramsaja99c
LAC,LAC,1972,"D. Schayes (0-1), J. McCarthy (22-59)",schaydo01c|mccarjo01c
LAC,LAC,1971,D. Schayes (22-60),schaydo01c
LAL,LAL,2018,L. Walton (10-17),waltolu01c
LAL,LAL,2017,L. Walton (26-56),waltolu01c
LAL,LAL,2016,B. Scott (17-65),scottby01c
LAL,LAL,2015,B. Scott (21-61),scottby01c
LAL,LAL,2014,M. D'Antoni (27-55),dantomi01c
LAL,LAL,2013,"M. Brown (1-4), B. Bickerstaff (4-1), M. D'Antoni (40-32)",brownmi99c|bickebe99c|dantomi01c
LAL,LAL,2012,M. Brown (41-25),brownmi99c
LAL,LAL,2011,P. Jackson (57-25),jacksph01c
LAL,LAL,2010,P. Jackson (57-25),jacksph01c
LAL,LAL,2009,P. Jackson (65-17),jacksph01c
LAL,LAL,2008,P. Jackson (57-25),jacksph01c
LAL,LAL,2007,P. Jackson (42-40),jacksph01c
LAL,LAL,2006,P. Jackson (45-37),jacksph01c
LAL,LAL,2005,"R. Tomjanovich (24-19), F. Hamblen (10-29)",tomjaru01c|hamblfr99c
LAL,LAL,2004,P. Jackson (56-26),jacksph01c
LAL,LAL,2003,P. Jackson (50-32),jacksph01c
LAL,LAL,2002,P. Jackson (58-24),jacksph01c
LAL,LAL,2001,P. Jackson (56-26),jacksph01c
LAL,LAL,2000,P. Jackson (67-15),jacksph01c
LAL,LAL,1999,"D. Harris (6-6), B. Bertka (1-0), K. Rambis (24-13)",harride99c|bertkbi99c|rambiku01c
LAL,LAL,1998,D. Harris (61-21),harride99c
LAL,LAL,1997,D. Harris (56-26),harride99c
LAL,LAL,1996,D. Harris (53-29),harride99c
LAL,LAL,1995,D. Harris (48-34),harride99c
LAL,LAL,1994,"R. Pfund (27-37), B. Bertka (1-1), M. Johnson (5-11)",pfundra99c|bertkbi99c|johnsma02c
LAL,LAL,1993,R. Pfund (39-43),pfundra99c
LAL,LAL,1992,M. Dunleavy (43-39),dunlemi01c
LAL,LAL,1991,M. Dunleavy (58-24),dunlemi01c
LAL,LAL,1990,P. Riley (63-19),rileypa01c
LAL,LAL,1989,P. Riley (57-25),rileypa01c
LAL,LAL,1988,P. Riley (62-20),rileypa01c
LAL,LAL,1987,P. Riley (65-17),rileypa01c
LAL,LAL,1986,P. Riley (62-20),rileypa01c
LAL,LAL,1985,P. Riley (62-20),rileypa01c
LAL,LAL,1984,P. Riley (54-28),rileypa01c
LAL,LAL,1983,P. Riley (58-24),rileypa01c
LAL,LAL,1982,"P. Westhead (7-4), P. Riley (50-21)",westhpa99c|rileypa01c
LAL,LAL,1981,P. Westhead (54-28),westhpa99c
LAL,LAL,1980,"J. McKinney (10-4), P. Westhead (50-18)",mckinja99c|westhpa99c
LAL,LAL,1979,J. West (47-35),westje01c
LAL,LAL,1978,J. West (45-37),westje01c
LAL,LAL,1977,J. West (53-29),westje01c
LAL,LAL,1976,B. Sharman (40-42),sharmbi01c
LAL,LAL,1975,B. Sharman (30-52),sharmbi01c
LAL,LAL,1974,B. Sharman (47-35),sharmbi01c
LAL,LAL,1973,B. Sharman (60-22),sharmbi01c
LAL,LAL,1972,B. Sharman (69-13),sharmbi01c
LAL,LAL,1971,J. Mullaney (48-34),mullajo01c
LAL,LAL,1970,J. Mullaney (46-36),mullajo01c
LAL,LAL,1969,B. Van Breda Kolff (55-27),vanbrbu01c
LAL,LAL,1968,B. Van Breda Kolff (52-30),vanbrbu01c
LAL,LAL,1967,F. Schaus (36-45),schaufr01c
LAL,LAL,1966,F. Schaus (45-35),schaufr01c
LAL,LAL,1965,F. Schaus (49-31),schaufr01c
LAL,LAL,1964,F. Schaus (42-38),schaufr01c
LAL,LAL,1963,F. Schaus (53-27),schaufr01c
LAL,LAL,1962,F. Schaus (54-26),schaufr01c
LAL,LAL,1961,F. Schaus (36-43),schaufr01c
LAL,LAL,1960,"J. Castellani (11-25), J. Pollard (14-25)",castejo99c|pollaji01c
LAL,LAL,1959,J. Kundla (33-39),kundljo99c
LAL,LAL,1958,"G. Mikan (9-30), J. Kundla (10-23)",mikange01c|kundljo99c
LAL,LAL,1957,J. Kundla (34-38),kundljo99c
LAL,LAL,1956,J. Kundla (33-39),kundljo99c
LAL,LAL,1955,J. Kundla (40-32),kundljo99c
LAL,LAL,1954,J. Kundla (46-26),kundljo99c
LAL,LAL,1953,J. Kundla (48-22),kundljo99c
LAL,LAL,1952,J. Kundla (40-26),kundljo99c
LAL,LAL,1951,J. Kundla (44-24),kundljo99c
LAL,LAL,1950,J. Kundla (51-17),kundljo99c
LAL,LAL,1949,J. Kundla (44-16),kundljo99c
WAS,WAS,2018,S. Brooks (15-13),brooksc01c
WAS,WAS,2017,S. Brooks (49-33),brooksc01c
WAS,WAS,2016,R. Wittman (41-41),wittmra01c
WAS,WAS,2015,R. Wittman (46-36),wittmra01c
WAS,WAS,2014,R. Wittman (44-38),wittmra01c
WAS,WAS,2013,R. Wittman (29-53),wittmra01c
WAS,WAS,2012,"F. Saunders (2-15), R. Wittman (18-31)",saundfl99c|wittmra01c
WAS,WAS,2011,F. Saunders (23-59),saundfl99c
WAS,WAS,2010,F. Saunders (26-56),saundfl99c
WAS,WAS,2009,"E. Jordan (1-10), E. Tapscott (18-53)",jordaed01c|tapsced99c
WAS,WAS,2008,E. Jordan (43-39),jordaed01c
WAS,WAS,2007,E. Jordan (41-41),jordaed01c
WAS,WAS,2006,E. Jordan (42-40),jordaed01c
WAS,WAS,2005,E. Jordan (45-37),jordaed01c
WAS,WAS,2004,E. Jordan (25-57),jordaed01c
WAS,WAS,2003,D. Collins (37-45),collido01c
WAS,WAS,2002,D. Collins (37-45),collido01c
WAS,WAS,2001,L. Hamilton (19-63),hamille99c
WAS,WAS,2000,"G. Heard (14-30), D. Walker (15-23)",heardga01c|walkeda01c
WAS,WAS,1999,"B. Bickerstaff (13-19), J. Brovelli (5-13)",bickebe99c|broveji99c
WAS,WAS,1998,B. Bickerstaff (42-40),bickebe99c
WAS,WAS,1997,"J. Lynam (22-24), B. Staak (0-1), B. Bickerstaff (22-13)",lynamji99c|staakbo99c|bickebe99c
WAS,WAS,1996,J. Lynam (39-43),lynamji99c
WAS,WAS,1995,J. Lynam (21-61),lynamji99c
WAS,WAS,1994,W. Unseld (24-58),unselwe01c
WAS,WAS,1993,W. Unseld (22-60),unselwe01c
WAS,WAS,1992,W. Unseld (25-57),unselwe01c
WAS,WAS,1991,W. Unseld (30-52),unselwe01c
WAS,WAS,1990,W. Unseld (31-51),unselwe01c
WAS,WAS,1989,W. Unseld (40-42),unselwe01c
WAS,WAS,1988,"K. Loughery (8-19), W. Unseld (30-25)",loughke01c|unselwe01c
WAS,WAS,1987,K. Loughery (42-40),loughke01c
WAS,WAS,1986,"G. Shue (32-37), K. Loughery (7-6)",shuege01c|loughke01c
WAS,WAS,1985,G. Shue (40-42),shuege01c
WAS,WAS,1984,G. Shue (35-47),shuege01c
WAS,WAS,1983,G. Shue (42-40),shuege01c
WAS,WAS,1982,G. Shue (43-39),shuege01c
WAS,WAS,1981,G. Shue (39-43),shuege01c
WAS,WAS,1980,D. Motta (39-43),mottadi99c
WAS,WAS,1979,D. Motta (54-28),mottadi99c
WAS,WAS,1978,D. Motta (44-38),mottadi99c
WAS,WAS,1977,D. Motta (48-34),mottadi99c
WAS,WAS,1976,K. Jones (48-34),joneskc01c
WAS,WAS,1975,K. Jones (60-22),joneskc01c
WAS,WAS,1974,K. Jones (47-35),joneskc01c
WAS,WAS,1973,G. Shue (52-30),shuege01c
WAS,WAS,1972,G. Shue (38-44),shuege01c
WAS,WAS,1971,G. Shue (42-40),shuege01c
WAS,WAS,1970,G. Shue (50-32),shuege01c
WAS,WAS,1969,G. Shue (57-25),shuege01c
WAS,WAS,1968,G. Shue (36-46),shuege01c
WAS,WAS,1967,"M. Farmer (1-8), B. Jeannette (3-13), G. Shue (16-40)",farmemi01c|jeannbu01c|shuege01c
WAS,WAS,1966,P. Seymour (38-42),seymopa01c
WAS,WAS,1965,B. Jeannette (37-43),jeannbu01c
WAS,WAS,1964,S. Leonard (31-49),leonasl01c
WAS,WAS,1963,"J. McMahon (12-26), S. Leonard (13-29)",mcmahja01c|leonasl01c
WAS,WAS,1962,J. Pollard (18-62),pollaji01c
